initial_state_id,path
0,d2.-f2.-d1.r2.-d1.f0.d0.r0.f2.f2.r0.-f0.r0.-f1.-d0.f1.-r0.-r0.-f2.-d1.f2.-d2.-f2.-d1.f2.d2.f0.f0.-r0.f2.-d0.-r0.d0.-f2.d1.r0.-d1.-d1.-f0.d1.-f2.-r1.-f0.r1.f2.-f0.d0.-f0.-d0.-f0.-r0.f0.r0.-f0.-r0.-f0.d2.f0.-d2.f0.-r0.-d0.r0.d0.f0.-r0.-f0.r0.-f2.-r0.f0.r0.f2.-r0.f0.r0.-f0.d1.r0.-f0.-r0.f0.-d1.-f0.r0.f0.-r0.f0.-r0.-f0
1,-r1.-f2.r1.-f1.-r1.f2.r1.f1
2,d2.-r0.r2.d2.d2.r0.-r2.d2.-r0.r2.d2.d2.r0.-r2
3,d0
4,-r2.d0
5,r2.-f1.-r2
6,f1.-d2.-d0.-r2
7,f2.-d1.f2.-f0.-r2
8,f0.-r0.d1.-r2.d1.f0
9,-r0.d2.f2.-r2.-r1.r0.-d1
10,r1.-f1.-r1.-f2.f1.-d1
11,f2.-f1.-d2.f0.r1.r1.r0.f2.-d0
12,-f0.-r1.d0.f1.d0.-f2.-d0.f2.-d2.-r2
13,-r0.f2.-d1.f2.d1.d1.d0.-f1.r1.r0.-f1
14,-f2.r2.r2.-r1.f2.-d0.f1.-f0
15,r0.-d1.f1.f1.r0.r0.-d1.f2.r2.-d1.-f1.-f0.r2
16,d1.r2.-d1.f1.-f0.-r2.f0.r1.-f0.-r0.-f2.d1.f2.-d0
17,d2.r0.-d2.d1.f0.-d0.-r1.-r0.d0.r0.-d1.f0.d0.-f2.-f0
18,d0.d0.f1.f0.r2.f0.d1.d0.-f0.-r1
19,f0.f0.d0.-r2.f0.f1.-r1.f1.-f0.d1.r2.-d1.-d0.f2.f0
20,r1.r0.d2.-d0.r0.-d2.f0.d1.r2.d0.f1.d1.d0.d0
21,r2.r0.r0.-f1.d2.d1.-d0.-r2.r0.-f0.-f0.-d2.-f1.d1.-f2.-r1.f2
22,-d2.f1.d0.-r1.-d2.f0.d1.d0.r0.d0.-f1.f0.r0.-f2
23,f1.d1.-f0.-d2.f1.-r2.r1.-f1.-d1.d0.r0.-f1.r1.r0.r0
24,f0.-d1.-r0.-f2.r2.r0.-r1.d2.r2.-f0.f1.-d1.-d0.-r2.d0.-r1.f0.f1.-f2.d1
25,d2.f2.r2.r2.-f1.-r2.-d2.f0.-r0.f2.d1.d0.d0.-f0.d1
26,f1.d0.-d2.-r0.r2.f2.f2.f0.d1.-r2.-f0.-r1.r2.d0.r2.-f0.r2.-f2.-r2.-f1.-r0.-r2
27,-r0.d0.f0.f0.r2.-f0.r2.r0.d1.f2.d0.f2.r1.d1.r2.-r1.-d1.r0.d1.-r2.-r2.-f1.-d0
28,-r2.-f2.-r0.-r1.-r1.-r0.-f2.-d2.d0.-r2.d1.-f1.-f2.-d1.-r0.f2.d2.r1.f1.-f2.r0.-d0.r2.r0.-d2.f1
29,r2.r2.-f0.r1.f0.d0.f2.-d1.-f0.r0.d2.d0.f1.f0.-r0.-f2.r0.f1.-r2.-d1.-r2
30,-r0.-r0.f0.r0.-d1.r0.r1.-r2.f0.-d0.-d1.-d1.r2.f2.f1.-r0.d2.-d1.r1.-f2.r1.f0
31,-d1.r1.d1.d1.r2.-d0.-d0.r2.-f1.d2.f2.-f0.r0.d0.-f1.-f0.-d1.f1.r1.d0.d0.-d1.-f2.f0.r0
32,r1.r1.-d1.f2.r2.d1.r0.f1.d1.f2.d2.f2.r1.-d2.-d0.-f1.-r0.-f0.-r1.f0.r0.-f0
33,-d2.-d0.f2.-r2.d1.-f1.-d1.-d2.f0.-d1.r1.d0.d0.f2.f2.-f0.d0.-r1.f2.d0.-d1.f0.d2.-r2.-d2.f1.d0
34,-r0.f2.d0.-f1.-r0.d1.d1.-f2.-r0.-f2.r0.-f2.f1.r0.f0.-r1.-f0.-d0.-f2.d1.d0.-r0.-f0.-r2
35,d1.-r2.f0.-r2.-d2.r2.f2.f2.-r2.-d0.-r0.-d1.-d0.r0.-d0.r1.d0.-r0.d0.f1.r1.-d1.-r1.f1.f1
36,f0.-r0.-d1.-f2.d2.r1.r1.f1.-f0.-d2.-d0.-r1.d0.f1.r0.r0.-d0.f2.-r0.-f2.r0.-d0.r2.f2
37,r1.f0.-d2.r2.-d1.-r1.-f1.d2.r0.d2.-r2.d0.r0.d1.-d0.-r1.-r0.f2.r2.-f2.d1.r2.f2.r2.d2.r2.-f2.r2.-d1
38,-r0.-d2.f2.d2.-r0.-f1.d1.f0.d1.d0.-f2.r1.d2.-f2.f0.-r2.f0.f0.r2.f2.-r2.d1.-f2.-d1.f2.d1.f2.-d1.-f2.r2
39,-r1.f2.d0.-r1.-f2.-r0.-d0.r0.d1.r2.r2.-d2.-d1.r0.-d1.-r0.d2.-f0.-d2.-d0.f2.d0.f0.-d0.-f2
40,-d1.f1.-d0.-f0.-r1.r0.f2.d1.-f0.d0.-r0.f0.d1.f1.-r0.f0.-r1.-f0.r0.d2.r0.-d1.-r0.-d0
41,-d1.f1.d2.-d0.-r2.f1.d1.r1.-d0.r1.-f0.-r0.-d2.r0.-d2.f0.-d0.f1.-r1.-r0.d1.f0.r0.r0.f2.-r0.-f1.r0.-f2.-r0.f1
42,-f2.d0.-f0.-d2.-r0.-d2.-r0.d0.f0.f0.-d0.f2.-d0.-r2.-f2.-f1.d2.d2.-r0.d0.-r2.-d0.r0.-d2
43,-r2.d2.-f2.r1.-d2.-f0.-r2.r0.-f2.-r2.-d1.-f2.-d2.r2.-f1.-d1.f2.d1.r1.r1.d1.-r2.d0.r2.-d1.-r2.-d0.r2.d1
44,-f0.d0.-r1.-d1.f2.r0.f2.-d1.-f2.f0.-d2.r1.d2.r0.f0.d2.-f2.-d2.f2.-f1.-f0.-r0.f2.-d0.-f2.-d2.f2.d0.-f2.r0
45,f0.-d0.-f0.r0.d1.r2.r0.-f1.d0.-r1.-d0.-f2.f0.d1.-f0.-d1.-f2.r2.-r0.f0.r0.-f0.-r2
46,-f2.-d1.-f2.-r0.-f0.-r2.d2.-d1.-d1.-r2.f0.d1.f2.-d1.f2.-f0.-r2.-f1.-d1.f1.r2.-f1.r1.f1
47,d1.f1.f1.-d2.r0.-f2.f0.d2.-d0.-f2.-d2.-f2.r0.d0.f2.f2.-d0.-r0.-f2.d0.-f2.-r1.-f0.r1.f2.-r1.f0
48,r2.-f2.r1.d0.d0.-f2.-d0.r0.f0.-r1.-f2.-d0.-r2.f2.f2.-r0.f2.-d0.r2.-f2.-r2.-d1.d0.r0.d1.f2.-d1.-r0
49,r0.f0.-r1.-f2.-r0.-d2.f0.d0.r1.d0.-r2.-r0.-f2.-r0.-f2.d2.f2.-d2.-f1.-d2.-f2.d2.-d1.f2.-d2.-f2.d1.f2.d2
50,d0.-r2.r0.d2.-f1.-d0.-r2.d0.r2.d1.-d0.r1.f1.d2.d1.-f0.-r0.-f1.-r2.-d1.r2.r0.-f2.r1
51,-f0.r2.f2.-d1.f2.d2.-f2.-r0.-d0.-r1.-d0.-r0.-f2.f0.r2.-d1.-f2.d1.-f0.-r1.-f0.-d2.-f1.d2.f0.-d1.f1.r1.d1.-r1.-f1
52,f0.d2.r0.f1.d0.f1.-f0.r0.-f0.r2.d2.-f1.r2.f1.-r2.-d0.f2.d1.-f2.d0.f2.-d1.r2.f2
53,-d0.-r2.f1.d0.-f0.-d1.-f0.d0.f2.r0.-d2.f1.d2.r1.d0.-r2.d1.-f1.-d2.f0.-d0.f2.d0.f1.r2
54,-d1.r1.-f0.d2.r2.d2.-r1.d2.r1.-f2.d0.f1.-r0.-f1.-r0.-d1.-d0.f0.-f1.r2.-d1.-f2.r0.f2.-r0.d1.-r2.-f0
55,-r1.f1.-r2.d0.r0.-f1.f0.d2.-f2.d0.f0.-r1.d2.r1.r1.-d2.r1.-f2.-r2.-f0.-d1.-f1.d1.-f2.f1.f0.f0
56,f2.d2.r1.f0.r0.f2.-d2.f1.f0.-r1.f1.-r1.d0.r1.d1.d0.r2.d0.-f2.-d0.f2.r1.-f2.-r1.-d0.f2
57,f2.-f0.-r2.r0.d2.-d0.-r0.f2.d0.-r2.d0.-r2.f2.-r1.-d2.-d1.f0.d1.-r2.d2.r2.-r1.-f2.d1.f2.-d1.-f0
58,r1.-f2.-d2.f2.-d2.r1.-f0.-r2.f0.-d1.-f2.-r0.f2.-d0.r0.d2.-f2.-d1.f2.d1.d0.-f0.-r0.f0.r0.f0
59,-d0.r0.d2.f0.r2.d1.-f2.-f2.-d1.r1.f0.r1.-r0.d2.-f0.-d2.-f0.d1.r0.r0.f0.d0.-f0.-d0.r0.r0.f2
60,d2.-r1.d0.-f0.-r2.-f0.-d2.r1.-d0.-r1.-f2.-d0.-r2.-d2.r2.f1.-r0.d2.r0.d0.-r0.d1.r1.-d1
61,-d0.f0.r0.d2.-r0.d0.f2.-f0.-d2.-f1.-f0.d0.r2.-d2.-r2.f0.r2.-d0.-f0.-r2.-d0.-r1.d1.r1.d0.r2.f0
62,d1.-f1.-d0.f2.r0.f1.f1.d1.-r0.d1.d1.-d0.-r2.-d2.d1.r2.-d0.r2.d2.-d1.-r2.-d2.-r2.f2.d2.-f2.-r2.f2.-d2.-f2
63,-r2.d1.f1.-d0.-f1.r0.d1.f2.-r0.d2.d2.-r2.-f2.d1.-r1.-d0.r2.r2.f2.r1.d2.f2.-d2.-r1.d2.-f2.-d2.r1.-f2
64,f0.-r0.d2.r0.-d2.r2.f2.-r2.f0.r0.-f0.d2.r0.r2.r2.-d2.f2.f2.r2.r2.f2.f2.-d2.f2.f2.d0.f2.f2.f1.-r1.d1.r1.-f1.-d1.-f0.f1.r1.-f1.-r1.f0
65,-f2.r2.f0.-d1.f0.-r1.r0.d1.-f2.-d2.-f0.-d1.d0.r0.f2.-r0.d2.r2.-r1.-d0.-f1.d0.-r2.-f0.-d1.f0.d1
66,-d1.r1.-f2.r2.-d2.r2.f1.-f0.d1.-f2.r0.-d2.f2.-r2.d0.-f2.r1.-r0.-d0.r0.-f2.r0.f2.-r0.-d1.f2.d1.d0
67,r1.d2.-f0.d0.-r0.d2.-d0.r0.f1.-d0.r2.-f2.r2.-d1.f1.d2.r1.-r0.-d0.-d1.-f2.-d2.d1.-f2.r0.-f1.-r0
68,d2.f1.d2.-f2.-r2.r0.-d0.-r2.f2.-d2.r0.f2.r2.-d2.-f1.r0.d1.-f2.r0.f2.d0.f0.d2.r0.-d2.-f0.d2.-f0
69,-f2.-r2.-r2.d2.-f0.r0.r2.-d0.-d0.f2.d2.-d0.r0.-r2.-f0.-f0.-d0.-d0.r2.r2.-d2.-r0.-r0.d0.-r0.-r0.-d0.-f0.d1.-r1.-d1.r1.-f0.r2.d1.-r2.-r0.-f1.r0
70,-d1.r0.f2.-d0.-r2.-f1.d0.-d2.-r0.f0.f1.-d2.r2.-f1.-r2.f2.d0.-r1.-d0.-r2.-d1.f1.d1.-d2.-r1.d2.d0.r1
71,-r0.d0.-r1.d0.f0.d1.-r1.d2.-r0.d1.r0.f0.f0.-d1.-f2.-d2.-f2.-f2.d2.f2.-d2.f2.f2.d2.f2.-d2.-r2.-r1.d1
72,-f1.-r0.d0.d0.f1.r0.-r1.f2.-f1.r2.-r0.-f0.-r1.f2.-d1.r2.d1.-d0.r1.f2.r1.-f2.-r1.-f1.f0.-d1.-f0.-f1.-r1.f1.f1.r1
73,-f0.d2.f0.d2.-r2.-f1.d2.-f2.-f1.d2.d2.-r0.-f1.d2.f0.r0.d0.r1.-d0.-f0.d2.-f2.-r1.d1.-r1.-d1.-r0.d1.r1
74,-f1.d2.-f0.d0.r2.-d0.r2.r2.d2.d2.-f0.-d2.d1.r0.-d2.-r0.d1.-r0.-f1.-d2.r1.d2.r2.r0.d1.-f2.d1.f2.-d1.-r2
75,f1.-f0.-d0.-f0.-r2.d2.-f1.r0.d0.-r1.-f1.-r2.r0.f2.-d2.-f2.d1.-r0.-f0.-f1.-d0.-f2.d0.-f0.r0.f1.-r0.f0.-d1.-r1.d1.-r0.-d1.r1.d1
76,-d0.f0.d2.-r1.f1.r1.d2.-f1.d1.f0.r2.f1.-r2.f0.d0.r0.f2.r0.-f2.d2.-r0.-d2.-f2.-r0.f2.-f0
77,-d0.f2.-d0.f2.-d2.-d0.f1.-r1.d1.-r1.-d1.-r0.-d2.-r2.-f2.-d2.-f2.-r0.f2.f2.r2.d2.f2.-d2.-r2.-f2.r0
78,f2.r0.d0.-r1.f2.-f0.r1.-f1.-d0.-f1.-d2.-f2.-d1.f2.d2.-r0.d1.r2.-d0.-f2.-d0.r0.-d0.-r0.d0.d0.f2.d0
79,d2.r2.f0.r2.d2.f1.d1.-f0.r0.-d1.d0.r2.f0.r2.-f0.-r2.r1.d1.f2.r1.-f2.-r1.-r0.-d1.-d0
80,-r0.-d1.f1.f1.-f0.-r0.-f2.d2.-f1.f0.r1.d2.-r1.-r2.f2.d2.-f2.-r2.-f2.r2.d2.r2.-f1.-r2.-d2.-r0
81,d1.-r1.-f0.-r0.-f0.d1.f2.-d1.d0.f2.r2.-f2.-d2.-r1.-d1.r1.d1.f1.d0.f1.-d0.-r1.f1.-d0.r1.d0.r2
82,-d1.-r2.d2.d2.f1.-r1.d1.-f2.-d2.f2.-r1.-f1.r1.-f0.-r1.-d0.-f1.-d0.f2.f1.-f0.-r0.-f0.-r2.f0.r2.r0.f0
83,f0.-d2.-f0.f2.r0.d2.d0.-r0.-r0.d2.-r0.-f2.d2.-f0.-f0.r2.r2.d0.-f0.-f0.r2.r2.d0.-r0.-r0.r2.r2.-d0.-d0.-f1.d1.-f1.-f1.-d1.-f1
84,r2.f0.d2.-r1.-f2.-d0.r0.-f1.-d0.-r0.d0.f0.r2.f0.d0.-r2.-d2.f0.-d2.f1.d1.-r1.-d1.d0.f1.-d0.-f1.d1.r1.-d1
85,r0.r0.f0.r1.-d2.-r2.f2.f0.d0.f0.-r0.d2.f2.-r0.-f0.d2.-d0.f2.r2.-f2.-r2.d0.r0.-f2.-r0.-d2.f2.-r0.d0.r0.-d0
86,-r0.-d1.d0.-f1.-r1.f1.r2.-d0.f0.-r2.d2.r2.f0.d0.-f0.-d0.f0.d0.r2.-f2.-r2.f2.-r2.-d0.-r2.f0
87,-r2.-d1.f0.-d0.r0.-d0.f2.f2.r0.f1.-r0.d1.d0.f0.-d1.-f1.-d2.d1.-r0.d2.-f0.-r2.d2.r2.f0.-r2.-d2
88,-d0.r0.f0.r2.f2.-r1.d0.r0.d2.-r0.-r1.-f0.-d1.-r0.d1.f2.r0.-d0.f2.-r0.f0.-r0.-f2.r0.-f0.r0
89,r0.d1.-d0.-f0.-d2.r2.d0.-f0.-d1.r2.-d2.-r2.f0.r1.r0.d1.r2.-f0.r2.f1.-r2.f0.r2.-d0.-f1
90,-r1.-d1.r2.f0.r0.-d0.-r2.-d2.-r0.d0.-r0.-f2.f1.-r0.f0.-r1.r0.f2.-f0.-f1.-r1.d1.-f1.-d1.f1.f0.-d1.r1
91,f2.r0.-d2.-r1.d1.r1.-r2.-d2.d0.-r0.-d1.f1.f0.d2.f2.-d1.f2.d1.-f2.-f1.-r2.r1.d0.r2.-d0.r2.-d0
92,d0.d0.f1.r2.r1.-d1.r2.-f2.r2.d2.f2.r0.f2.r1.d2.d0.r2.-r0.f0.r0.f0.f0.-r2.-d2.-f0.-d1.r0.f0.r0.-f0.d1.f0
93,d1.-f0.d1.-r1.f0.r2.f1.-r1.f2.-r2.d2.r2.f0.f0.-d2.-r0.-d0.-r0.-d2.d0.-f0.-r0.-f0.r0.f0.d2.-r0
94,-d2.-r1.-d1.-r0.-d0.f0.r2.-r1.f2.-r2.-d2.-f2.-r1.-d0.r2.d0.r2.-f2.-r2.f2.r2.r2
95,-f2.r2.-f0.-d2.-r0.f0.r1.-f1.d0.-r2.-f0.d2.r2.-f2.d2.f1.f0.r2.-f0.-r2.r0.-d2.-f0.d2.f0.r2.r2.-r0.-f1
96,-f0.-d1.-f1.-r0.-d2.r0.-d1.r2.-f2.r2.-d0.r0.-d2.-d1.-f0.-r0.f0.r0.-f0.r2.-f0.d0.f0.-r2.-f0.-r2
97,f1.-r2.-d2.-r2.-f0.-r2.-f1.d1.r0.d2.-d0.f2.-d0.-f2.-d2.f2.d1.r1.-d2.-f1.d2.-r1.-d0.f1.f1.-d1.f1
98,d2.-d0.r0.-f2.r1.-d0.f0.-d2.r2.f0.-r0.d1.-r2.d2.d0.f1.r0.-d0.-r0.-f0.-d0.-f1.-r2.-f1.r2.f1
99,d2.-d1.-f2.r1.-d1.-r2.-d1.r0.-f2.-f0.d1.-f0.-d1.f0.d1.f2.-d0.f0.r2.-f0.-d0.-r0.-f0.d0.f0
100,r0.d1.-f2.-d0.-r0.d1.f0.d2.-d1.-f2.d2.-d0.-f2.r0.-d1.-d1.d0.-f0.-d0.f1.d0.f2.d1.f0.d2.-f2.-f0.-r2
101,-r2.-d1.f1.d2.r2.-f2.-r0.f2.r2.f2.d2.f2.r2.-f0.-r1.d1.r1.f2.f2.r2.f2.-f0.-d0.-f0.-r2.f0.-d2.r0.f0
102,d1.f0.-r0.d0.-r0.d2.d2.-r0.-f0.-d0.r2.-r0.f0.-d2.f0.d1.f0.r2.-f2.-r0.f2.r0.-f0.-r0.-f2.r0.f2.-r2
103,d0.d0.-f1.-r2.-f2.d2.d1.d2.-f0.-d0.r0.d1.r1.f2.-r0.f2.r1.-d0.-f1.d0.f1.d1.-r1.-d1.-f2.f1.f1
104,-d0.-f0.-r1.d2.r0.d2.d2.-r2.-f2.-r2.-f1.d1.r1.-f2.r0.-d0.f2.-r2.-f1.r2.-f2.f1.-d0.f1.d0.-r0
105,r2.f0.-r0.d1.f2.-d2.-d0.-r1.-f2.d0.-d2.-r0.-r0.-d1.-f2.-d0.-f2.d0.-f2.r2.f1.r1.f0.-r0.-f0.-r1.-f1
106,-r0.d2.f1.-f0.d2.d2.d0.-r0.-d0.f0.r0.f0.d2.d2.r0.f2.r2.r2.-d0.-r0.-r0.-d0.r2.r2.-d2.r2.r2.-d0.-r0.f1.d1.-f1.-d1.-r0.f0.-f1.-r1.f1.r1.-f0
107,-f2.-d0.-f2.r2.f0.-r1.-d0.-f2.r0.-f2.-d2.-d0.-r0.-f0.d2.f2.-d2.r0.r1.-d2.-f1.-r1.r0.f1.-r0.f1.r1
108,r0.r0.-f0.r1.-f1.d2.r1.f2.-r0.f2.r1.r1.-d0.f1.-r0.-f2.-r0.r1.f2.r0.-f1.r0.-f0.-r0.f1.r0.f0.f0
109,f2.d0.r2.f1.r2.d0.r2.d2.r2.d2.d1.-f2.d0.f2.d0.r2.-f0.-d2.f0.r0.d0.-r2.f1.r2.d0.-r2.-f1.r2.d0
110,r1.-f1.-d0.f2.r2.f0.-r1.-d1.-f2.r2.-r1.-d0.r2.-d2.-f1.-d2.-r2.d2.-f0.r2.-d2.-r0.d2.d0.-f2.d1.f2.f0
111,d2.-r2.-f0.d0.-f0.-d2.-r2.d0.-r1.f0.f0.-r0.-f0.r1.-f1.d0.d1.-f2.-r2.-r1.-d2.r0.-d0.-f2.-d2.d1.-r1.d2.r1.-d1.f2
112,d2.f2.r2.-f0.-d0.-f0.-d0.-r2.-f1.r2.f1.f0.-r1.-d0.-r2.-d0.-r1.d0.r1.d2.-r1.r0.-d0.r1.d0.-r0
113,f2.d2.f0.r0.d0.-r1.-d2.-f0.-r1.-f1.-r1.-f0.-r2.d2.r0.f0.-r0.-f0.-d2.f0.r1.f2.d2.-r2.-d1.r2.-d2
114,-f1.r1.-d0.-f1.r2.-f2.d0.-r2.d2.r1.d1.r1.-f0.-d0.r0.f0.d0.r1.-d0.-r2.-d2.-f0.d2.r2
115,r1.r1.-d2.-r0.d1.r1.d0.r0.-d1.-r2.r0.f0.-r0.-f2.d0.-f0.-d2.-f0.r1.f0.-r1.f0.d2.f0.f0.r0.-f0.r1.f0.-r0.-f0
116,f2.f1.f1.r1.d2.-f0.-f0.-r0.-r0.f2.f2.r0.-d2.r0.f2.d2.-f0.r2.d2.f2.f2.-d2.-d0.-f0.-f0.d2.d2.-d0.r2.r2.f2.d1.f0.f2.-r1.-f0.-d1.-r1.d1.r1
117,d2.f2.f0.-d0.-r2.-f0.d1.f1.d1.-r0.d2.-f1.r2.-d1.-r2.r0.d2.r1.-d1.-r2.d1.r2.-r1.r0.r0.f1.-r0
118,-d0.f1.-r0.-r0.f0.-r0.f0.-d2.r0.f0.f2.d0.-r0.-f2.d0.-f0.-f0.d2.r2.r2.-f0.-f0.-d2.d0.-f0.-f0.-r1.-r2.-f1.r1.f1.-r2.d1.f1.-d1.-f1
119,d2.d2.r0.-d0.-r2.-f2.d2.f1.f0.d0.f0.r0.r0.-d0.-r0.f2.-r0.d2.r0.-f2.-r0.d2.r0.f2.-r0
120,-r0.-d0.-r1.-r0.-f0.-d0.-r2.d2.-d0.-f1.-d2.f2.-d0.r0.d0.-r1.-d0.-d2.r2.d2.-f2.r0.f2.r1.-f2.r0.r0.-f0
121,d0.r0.d2.f0.d2.f2.r0.d0.f1.-d1.f0.-r0.-d2.r2.-d1.f2.r2.-f1.-r2.-d2.-f2.r1.f2.d2.-f2.-r1.-f1
122,-d2.f2.-f0.d2.-r0.f2.-d1.-f0.r0.-r2.-f2.-r1.r0.f0.-d2.-r0.-r0.f2.f2.-d2.-f2.r2.-d2.r0
123,-f2.-r2.r0.-d1.-f2.-d0.-r2.f0.-d0.f0.-r2.r1.-f2.d0.f2.-r2.-d0.r2.d0.d0.f2.d2.f2.-d2.-f2.d0.d0.f2.d2
124,f0.d0.r1.d0.-f0.r2.-d2.-r0.d2.-f0.r0.f0.f0.-r0.-d2.f2.d2.-d0.f1.d0.r0.f2.r2.-d1.-r2.-f2.-r1.-f1
125,-d1.f1.r0.d1.-d0.f2.-d0.-f0.r1.-d1.r2.-f0.r2.-d0.r1.-d0.f0.f0.d0.r2.-f0.d0.f0.-d0.-r2.d0.d0
126,-d0.-f2.r1.-f1.r2.-d1.r2.-f0.d0.r2.f0.d0.r0.-d0.r1.-f0.-d0.f0.-r2.-f0.d0.f0.-r1.f2.-f0.d1.-f0.-d1.-f2.f0
127,f1.r0.-d0.-r0.d2.-f1.r0.-f2.d2.-r0.-f1.-r2.-f2.d1.-r0.-d2.-f2.-d0.r2.-f2.r2.f2.d0.-f2.-r1.f2.r0.-f2.r1
128,-d2.-f0.-r1.-d1.f2.-d2.-f0.-d0.f1.-d0.f2.d0.-f2.f0.f0.r2.-f1.r2.-r1.f0.r1.-d2.r1.d2.r1.r1.-f0.r1
129,r2.f1.f1.-r1.r2.-d2.f2.-r0.-r0.d2.d2.r0.f0.d2.d2.-d0.r2.r2.f0.-d0.-d0.f2.f2.-d2.-r0.-r0.d0.f2.f2.-r0.-r0.f2.f2.d1.r1.-f1.-d1.f1.f1.-r1.-f1
130,-d1.r1.f2.d0.f0.d2.-f0.r2.d2.f2.f2.-r2.-f2.d2.-r1.-f0.r2.f0.r1.-d2.f0.r0.d2.d2.-r0.d1.r0.d2.d2.-r0
131,-r2.f1.r0.-d0.-f1.-r2.r0.-d2.f1.d0.f1.-d1.r1.d1.r0.-d1.f2.-d1.d0.-r0.-d2.f1.d2.r0.-d0
132,-d0.-r2.-f2.-r0.d2.r0.-d0.-f1.r1.-d2.r0.d2.-f2.-r0.d2.-r0.f2.-d2.r2.-d2.-r2.d2.r0.-d2.-f2.-d2.f2.-r1
133,-d1.-f2.d0.f2.-f0.d1.-f0.-r1.d1.f0.r0.-f0.d1.f2.-f1.-d1.f1.f0.r0.f2.d2.-r0.d2
134,-d0.r2.f2.-r0.d1.f2.r1.d2.r0.d1.-d0.-r0.d0.d0.-r2.r0.d2.f2.d2.r2.-d1.-d0.f0.f0.r2.f0.f0.-r2.d1.r2
135,-r2.f1.-d2.r1.d0.d0.-r0.-d2.f2.-f0.-r2.-f0.d2.-f1.d2.f0.f0.d0.-f2.d2.-f1.-f0.r2.d2.r0.-d2.r0
136,f1.d0.-f0.-d1.r0.f1.-r1.-d2.-f0.-d0.-f2.-f0.-d0.r2.r0.-d1.-r0.-d2.r1.d2.f1.-d2.-r1.d2
137,f1.-d0.f0.d2.-d0.f2.-r2.f2.r2.-r0.d2.d0.r0.r0.d2.f2.d1.-f2.-d2.r2.-d1.-r2.-d0.r2.d2.d0.f1
138,f1.r0.-f0.r1.f2.r2.d2.-d1.-f0.-d2.d0.r0.d1.f2.d1.-f2.-r2.-r0.-d0.-r0.f1.-r1.-f1.r0.-f1.r0
139,f1.-d0.-r0.d1.-r1.f0.-d0.-f1.d1.r2.-r0.-f1.-d0.f1.r0.-f0.r2.-d0.-f2.-r2.f0.-r2.-f2.r2.-d1.r2.d1.-r2.f2
140,-f1.d2.-r1.f0.-d0.-r2.f2.-r2.d0.f2.f2.f1.-d0.-f1.d2.-r1.-f0.-d0.-r2.d0.f0.d0.f0.-d0.-f0.r1
141,d0.-f0.d2.r0.d0.r1.-d1.r1.-f0.d0.-d2.r0.f2.d1.r0.-d1.r2.-f2.-d2.-r2.-r0.d0.f2.d2.-d0.f1.d0
142,r1.d2.-r2.r1.d1.r1.-d0.-f2.-d0.-r0.f2.-r1.d2.-r2.-f2.-r2.-f2.r2.d2.d0.r2.f0.-r2.-f2.r2.-f0.-r2.-r0
143,f0.-d0.f2.-f0.-r2.d0.-r2.-d2.r2.-d2.-f0.d2.-f1.-r2.-f1.-d2.-f2.d2.-f1.-d2.f2.f2.d1.-f2.d2
144,r2.-r1.d1.-f0.-r1.d2.-r2.-d1.f2.-d1.f2.-d0.-f2.-d2.-f2.d1.-r2.f2.-r0.-f2.r2.f2.-r1.f2.r1.r0
145,-f0.-r2.-f1.r0.-d0.f0.-r1.r0.-f0.-d0.f0.-r2.-f2.-r0.f2.d2.-f2.-d2.-f2.-r2.-d1.-r1.d0.r1.-d0
146,d2.r2.d2.-f0.d0.r2.f2.r1.-d0.r2.r2.d2.-f2.r2.-d1.r2.-r1.-d1.r0.d1.r2.r2.-r0.f1
147,-d2.r1.f0.-r1.-f2.-d2.r2.-r0.f0.r0.d0.r0.r0.f0.-r1.f0.r1.d0.r1.r0.-d0.r2.d1.-d2.-d0.f0.d0.-f0.-r0
148,d2.-r2.d2.f2.-d2.-r0.-f0.d2.d2.f0.-r2.d2.d2.-d0.r0.f2.-d2.-r0.-d0.-r2.-f0.-d0.r2.d0.d0.-r2.f0.r0
149,-d2.-f0.r0.-d1.r0.-d2.-f0.-r2.-f2.r1.d2.r0.-d1.-r1.-f0.-r0.f0.r1.f1.d1.r0.f0.-r0.-d1.-f1.d1.-f2
150,-r1.f1.-d0.f0.f0.-r0.f0.-r0.-r0.-f0.d2.r2.d2.-r2.d1.r2.-r0.-d2.r1.-d2.-r2.-d1.r2.-d0.f1.d0
151,r2.-r1.-f1.-d0.r1.d2.-f0.r0.f2.f2.-d0.-f2.r0.d0.f0.r0.-f2.f0.d2.-f0.-d2.f2.-d0.-f0.-r0
152,-r1.d2.-d0.-r1.-r2.-d0.d2.f2.-d2.-f2.-r2.d0.r2.-d1.-f1.d1.-r2.-f2.-r2.f0.-d2.-f0.r2.d0.-r2.f0.r2.-f0
153,-r2.d0.-f1.-r1.f0.-d2.d0.-f1.-d1.f0.d0.-r2.d0.d0.r2.-d2.-r2.d2.-d0.-f1.-d2.-r2.f1.r2.-d0
154,f0.-r1.d2.f0.-d2.-f1.d0.-f2.d2.-d1.f0.r0.-f2.-d0.-r1.-f1.r1.f2.r1.f1.d1.-r0.d1.r0.f1.d2.f0.-d2.-f1.d2.-f0.-d2
155,r2.d1.r0.f0.-r1.-d0.f2.d2.d2.-r2.-f2.r2.f2.-r0.f2.f2.r2.-f2.d0.-r1.-d0.-f0.d0.r1.-d0.-r1.f0
156,-f1.-r0.-d2.d0.-f0.-r2.d2.-r2.-f0.r0.d0.-f2.d0.r0.-f0.r2.d2.f2.f0.d0.r2.-d0.-r2.-d0.f1.-r2
157,-r1.d0.-r0.d1.f2.f2.r2.f1.d1.f1.f1.-r2.-f1.d1.-f2.-d1.-d1.r0.f0.d2.f2.f1.d2.r1.-d0
158,-f2.r1.f2.-f0.-r2.r0.f0.-d2.-r2.-d2.-r0.-f0.d1.-f2.d2.-d0.r2.-f2.-r2.f2.-r0.-d0.f2.r1.r0.-f0
159,-d2.-r0.-d2.f0.-d0.-f0.-d2.f2.r2.-f0.d2.r0.-r2.f1.-r0.f0.d1.-f0.r0.-d2.r0.d2.r2.r0.f0.-r0.f2
160,d1.-f0.-r0.-d2.-f0.-r2.-d0.f0.f1.-f2.r0.f2.r2.-r1.d2.d0.d0.r1.d2.-r1.f1.d0.-f1.r1.-d2.-r1.d2.f1
161,-f1.d1.d1.r0.f0.r0.-r1.-d0.r0.d0.-r0.f2.r0.d0.-f0.-d0.r1.d0.-r2.-f0.-d0.-f0.r2.f2.f0.d0.f0.f0.-d0
162,f2.-r0.-d1.r2.-d0.-d0.f2.r0.f2.r2.r2.d2.f0.-r0.d0.-r0.d0.r2.r2.-d2.-d0.f2.f2.d2.-r0.-r0.r2.r2.-d1.d2.-f1.d1.f1.d2.-r1.f1.r1.-f1
163,d0.f0.r2.-r1.f1.-d1.r2.-f1.-r0.f0.f0.-d2.d1.f2.d2.d2.-r2.-d0.r2.d2.r2.f2.-r2.-f2.-d2.d0.r2
164,d0.r1.-f0.r2.f2.-d1.r0.r0.d2.d2.-f1.f0.-d1.r2.-d0.f1.-d2.-f1.d2.-f1.r1.f2.-r1.f1.r0.r0
165,r0.-d0.-r2.d2.-f1.f0.-d0.f0.d2.-f1.-d0.f1.d2.-r1.-d2.r1.-d2.-f1.r2.-f0.-r2.f0.-d0.f1.-d1.-f1.d0.f1.r0
166,r2.f0.d2.-f1.r0.d0.d0.f0.d1.d0.-r2.-r0.f0.-r2.-f2.r2.f0.-r2.d0.-f2.-d0.f2.f2.r2.-d2.f0
167,-f1.-r2.-d2.f0.d2.-f2.r0.d0.f2.-r0.f0.d1.r2.-d0.-f0.-r2.d0.-f1.f0.d0.f0.f0.-r2.f0.r2.f1.d1
168,-d1.-f1.d2.-f0.-r1.d1.f2.f2.d0.d0.-r0.d2.d1.-f0.-d1.r1.-d0.-r0.f2.-r2.d2.r0.-d2.r2
169,-d1.-f0.r1.f1.-d0.-r0.f1.r2.-d2.-f0.d2.f2.d1.-f1.-r2.-f0.d1.d2.-r2.-d1.f0.f1.d2.f0.-d2.-f1.-d2.f1.d2
170,d1.f2.-f0.d2.-r1.-d1.-r0.d2.r0.-f1.r0.-f2.d0.r0.d0.-r1.-r0.-d2.-r0.d2.r0.f0.-r2.d2.r2.-f0.-r2.f2
171,-r0.-f1.r1.d1.r1.-d2.d1.f2.-r0.-d0.f0.-d0.-r2.r0.-d0.-r2.-d0.f2.-r0.f0.f0.r0.-f2.-r2.-f0
172,-r2.d1.-r2.r1.-d0.f1.f0.-d0.-r0.-d1.d2.f2.r0.d0.d0.r0.-d0.f2.-d0.-f2.-r0.-f2.d1.d0
173,r0.-d2.d0.-f1.d1.r2.r2.-f0.r2.-r0.d0.-r2.f0.r2.-d0.f0.-d2.-r1.r0.f0.-r2.-r0.-f2.-d2.-r1.d2.r1.d2.-f1
174,-f2.d2.r1.f0.d2.f2.d2.d2.r1.f2.-r1.-d0.r1.-r0.-f2.f1.f0.-r0.-d2.d0.-r0.d2.-r1.-f0.r0.f0.r1.r0
175,r0.-d2.d1.r1.r1.-d2.-r1.f2.-d1.-d1.r1.-d2.-f2.d2.f2.f0.-d0.f0.-d1.-d0.r1.-f2.-r1.f0.r1.f2.-r1.f2.-f0
176,-d0.-r1.-d2.-f0.d0.-f2.r1.-f1.-d1.d0.f1.-d0.r0.f0.-r0.f0.-r0.d2.r1.d0.-r0.-d2.-r2.d2.-r1.-f0.r2.r0
177,r0.-d2.-r0.f1.-d0.-r1.f0.r0.-d0.-f1.r2.-f2.-r2.-f0.r2.-d0.f0.d0.f2.-f0.r2.-d0.f0.-r1.-f0
178,-r2.-f2.f0.-r2.-f2.-d2.-r0.d2.r1.-d0.-d0.-r0.f1.r0.-d2.-f2.r0.d0.-r0.-f1.-d1.f2.r1.-f2.-r1.d1.f1.r1
179,-f0.-d2.-f0.-r2.f2.-r2.-f0.-d2.r2.f2.-r0.-f2.d0.f2.-d0.r0.d2.-f1.d0.r0.d1.-r0.-d1.-d0.-f2.-f0.-r0
180,d0.-f1.-r1.-d2.r0.f2.r2.-r0.f2.r2.r2.d2.-r1.-d1.r1.f1.r0.f1.-r2.-f1.-r0.-f0.-r0.f1.r0.f0.-r0.-f1
181,-d0.-r2.r1.-d1.r2.d2.-f0.d2.-r2.-f2.-d1.f2.d2.-f0.-r0.f0.d2.-r2.r0.-f2.d0.r0.-d0.f2.r2.-r0.-d2
182,r2.-r0.d0.r1.d0.r2.-d2.-f2.f1.-d2.f2.-r0.-f2.r1.-r0.-f2.-f1.d2.-f0.-d0.f0.-d2.-r1.f1.d2.-f1
183,d0.-r2.f1.-d2.-f1.r0.f1.-d0.r0.-d0.r2.r2.d0.-r1.-d0.-f2.-r0.f2.r2.d0.-r0.f2.r1.-f2.r0
184,d1.f2.-d2.f2.-f0.-d1.d0.-r0.-f2.-r0.d0.f0.-d2.f1.-r1.f2.-r2.-f2.r1.f2.f0.d2.-r2.-f0
185,-d0.r0.-d2.r2.-d0.-f2.-r0.-r0.-f1.f0.r2.-f1.r2.r0.-f0.-r0.-f1.r0.-f1.f0.-d0.f1.d0.r1.f0.r0.-f0.-r1.f0
186,-f2.d0.-r2.-d1.r0.-d2.d0.f0.d2.-r1.-r0.-f2.-r0.f1.d0.r0.-d0.f2.d2.d1.-f1.-d0.-f2.d0.d0.-f0.-d0.f1
187,-r2.d0.f2.-d2.d1.r0.-f0.r1.f0.r0.f2.r1.d0.r0.-d0.-r2.f1.-d1.-f1.-d0.f2.f1.d1.r0.-f1.-r2.-r0
188,f2.f2.r2.-r1.f2.-d2.f2.-d2.r0.r0.-d1.r1.r0.f0.-d2.r0.r0.-f0.-r0.-f0.d2.r2.f0.-d2.d1.d0
189,r2.d1.f0.r1.-d0.f1.-d0.-f2.d0.-d2.r2.-f2.r0.-f0.-r0.-f1.-f0.d0.-r2.d0.r2.d0.-r2.d0.f2.d0.f0.-d0.-f2
190,-d0.f1.-d0.f1.d1.-r0.f0.r1.-f2.-d0.f0.d1.d0.-r1.d2.f1.d1.-d0.r2.-d0.-f2.-d0.f2.f0.r0.-f0.d0.-r0
191,-f0.r2.d0.f0.-d1.-f2.-r0.r2.-f2.-d1.-f2.d1.r1.d2.d2.-r0.-f2.r0.r2.d2.-r2.-d2.-f2.f0.-d0
192,-r1.-d0.f2.r2.-r1.f1.-f0.-r2.-f0.-r2.d2.-f1.-d2.f1.r0.d2.-r1.-r0.d2.-d0.r2.d1.-r1.-d1.-r2.-d2
193,d0.f1.-d1.-r1.-f0.-d1.r0.f2.-f0.-d0.-d1.-r2.r0.f1.-r2.-f1.f0.r2.f0.-r2.-f0.d2.r2.-f0.-r0.f0.-r2.-f0.r2
194,-d2.r0.-d0.-r2.f0.-r2.-f1.d2.f2.-f0.r2.-d2.r1.d2.-f0.r0.-d1.r0.-d1.r0.r0.-d1.f2.r2
195,d1.f2.f2.-r2.-d0.-r0.f0.-d0.-f2.-r2.f2.r0.d0.-r2.-d0.f2.-r0.f2.r0.-d2.-f0.r1.-f0.-r1.f0.d2.-f1
196,-r0.-f0.-r1.-f1.d1.-f1.-d2.f0.f0.r2.f2.-d0.r0.r0.f0.-r2.-f2.-d2.f1.d2.f0.-d0.-f0.d2.d0.f2
197,r2.-r0.-f2.f0.d0.-f2.f0.d2.f2.-d0.-f2.d2.f2.-d2.d0.-f0.-d1.f0.d0.-f2.-r2.-d0.r2.f2.-f0
198,f2.-d1.f2.r2.f1.r0.d1.f0.f0.d0.d0.r2.r2.-d2.f0.r2.-d0.-f0.r0.d0.-r0.d2.-r1.-d2.f0.-r2.-f2.d2
199,-f2.-d2.r2.f1.-d2.r1.d1.-f0.r0.f2.r0.f0.r0.-d0.-r1.r0.-d2.f0.d2.r0.-d2.f2.f1.r2.r2
200,-f2.-d1.d0.-r2.-f1.r1.-d0.f0.-r0.d0.-r0.-d0.-r0.d2.-r1.-f2.d1.-r0.f2.-f0.-d2.f2.d2.f1.f0.f0
201,d1.f0.-d0.r1.-f2.-r0.-d1.r2.f2.r1.-d2.-d0.-f0.-d1.-r0.-f2.r0.d0.-r0.-d2.r2.d2.r0.-d2.r2.r2.-r0
202,f2.r2.-f2.-r0.-f0.d0.-f2.-r0.f2.-r1.f1.r2.d2.-f1.-d2.r0.-d0.-f1.-r0.d2.f1.d1.-r1.-f1
203,d0.-f2.d1.r0.d0.-r2.d1.-r2.f0.f0.d1.-f1.f0.-r2.-f2.d0.f2.r2.-d0.-f0.-d2.d0.f2.d2.f0.-d2.-f2.d2.f1
204,f2.-r0.f0.d2.-r2.-d0.-r0.-f0.-f0.-r2.f1.-r1.-d0.r2.-f2.r0.f2.-d1.-d0.r2.d0.f0.d1.-f2.-d1.-f1.f0.f0
205,-d0.-f2.-r0.-f2.-r1.-d2.-r1.-d2.f1.r0.d0.-r0.-f0.-d1.-f1.f0.d2.-f2.-r1.-d0.r1.-r0.-f1.r0.f0.-r0.f1.r0.-f0
206,f0.-d0.f0.-d0.r0.-d2.-f1.r2.-r1.-d0.-r2.-d2.-d0.r0.-f2.-r0.-d1.d0.f2.-f1.-r2.f1.r2.-f2.d1.r0.-f2.-r0
207,r1.f2.-r2.-f1.f0.d2.r0.-f2.f0.d0.r0.-d2.-f2.r2.-r1.-f2.d0.r2.d1.-r2.d2.-r0.f2.-f1.r2.f1.-r2.-f2.r2.-f1.-r2
208,r0.-d1.-f0.-r2.d2.f2.-f0.d1.f2.-r2.r1.-d0.f0.-d2.-d1.f0.r0.f0.d0.f0.f0.r1.f0.d1.-r1.f0.r1.-d1.-r1.-f0
209,-f0.-d2.-r0.-d1.r1.-d1.-r0.-d2.-r0.f0.d2.-f0.d1.f2.r1.-f2.r1.-f0.-r0.-d2.r0.-d2.-d0.f2.d2.d2.-f2
210,-r2.f0.d0.r2.-r1.f2.d2.-r1.f2.-f1.f0.-r0.f1.-f0.d2.d0.-r0.-d2.-f0.-d0.f0.r0.r0.f2.-r0.f0
211,-r0.-d0.f1.-r0.f0.-d2.-f0.-r1.-d2.-f2.f1.r0.-d2.-d1.f2.d0.r0.r0.d0.-r0.-f1.-d0.f1.d0.r0.-d0.-r1
212,-f1.d0.-r2.-f0.r0.-d1.-r2.d2.r0.-d2.-r0.f2.r2.-r0.-d1.r0.d2.-r0.d2.-f2.d1.-f1.r0.f1.-d1.f2
213,d2.r2.-f2.-r2.f0.r2.r0.-f0.-d0.r0.r0.f0.d0.f2.-d1.-f2.d2.f1.r2.d2.r2.-d2.-r2.f1.f1
214,r0.d0.-f0.-d0.f0.d2.-f1.d2.-f0.-d1.-f2.d2.f2.f1.-r1.-d0.-r0.d1.r2.-f0.-r2.-f1.-d1.r2.d1.f0.-d1.-r2
215,f1.r2.d1.d0.-r1.f2.-d0.-f2.d2.f0.-r0.-f0.d1.-f2.f1.r1.f1.-r1.f1.r2.-f1.r1.d0.-r1.-f0
216,-r2.d2.d2.-f0.d2.-d0.-r0.-f2.r2.-d2.r0.-r2.-d2.f0.d2.d2.-r0.-r0.d0.-r0.-r0.-f0.-f0.-d2.-f0.-f0.-r0.-r0.d2.d2.-f0.-f0.r2.f1.-r1.-f1.-r2.r1
217,r1.-f0.-d1.-f2.d0.r0.f2.-r2.f0.-d2.r2.f1.d0.f0.r0.d2.-r0.-f0.r2.-d1.r2.d1.r1.-d1.-r0
218,-r2.d0.r0.-f0.r2.f1.-r0.-d2.r0.d2.-r2.f1.d0.f2.-r0.f0.-d1.r0.d1.f0.f0.-d0.r0.d0.f0.-r0.-f0.-r2
219,r1.-d2.-r2.r1.f2.-r1.-d1.f1.-r0.-f1.r2.-f2.d1.-r2.-f2.r0.d2.r1.-d2.r2.d2.-r1.-f1
220,-r0.-f1.-d0.f2.-d1.d0.-f0.-r2.d2.d2.-f0.-d2.-r0.-f2.-r1.-r2.f2.-r0.f0.f0.d2.-f0.-d2.-f2.r0.f1
221,f0.f0.r0.r2.-d0.-d0.f2.r2.-f2.r0.f0.-r0.-r0.-f2.r2.r2.d2.-r0.-r0.r2.r2.-d0.-r0.-r0.d2.-d0.-d0.r1.-r2.d1.-r1.-d1.r2.-r1.f1.r1.-f1
222,-r1.-f2.d0.-r1.r0.-d1.f1.-r1.d2.-r2.-d0.r2.d2.d2.-r2.r1.f2.d2.f2.-r0.-d2.r0.f2.f2.r2.-f0
223,d2.-r2.f2.-d2.f2.-r1.-f1.-d1.-r1.-f0.r0.d1.r2.d0.-r0.-d0.f0.f0.d2.f2.-f0.-d1.-f2.d1.f0
224,-f2.f0.-r0.-d2.-r2.r0.d2.-r2.-d1.-r2.-f2.d0.f2.r2.r0.-d2.-f2.d0.-f0.r1.-d0.-r1.f2.r1.d0.-r1
225,f0.d2.-r0.f1.r2.-f2.f1.-r2.-f1.d2.d2.-r2.d0.r2.-r0.d2.d2.r0.d0.r0.d1.-r0.f2
226,r0.-f0.-d2.-r2.-d1.r2.-f2.f0.r1.r0.f2.-r2.-f1.d1.-f1.-d1.d0.f1.-d1.-r0.d1.-r2.-d1.r0.d1.d1.f2.-d1
227,d1.-f1.-r0.f0.-d0.r0.r1.-d0.r0.f1.d0.-d1.f0.-d2.d0.r2.f2.-d2.-f2.d0.-r0.f2.d2.r0.-f2
228,r0.d2.r0.r0.-f1.d0.-f2.-f1.r0.d2.f2.d2.d2.-r2.f2.d1.f2.-d1.-f2.r2.f2.d2.-f1.-d2.d1.d0.-r1.-d0
229,d2.-r0.f0.-r0.f1.r2.-f2.r1.d0.f0.f1.-d1.-d0.-f0.r2.d2.-f2.d0.f2.f2.-d2.f2.-d0.r2.-d0.-f2.d0
230,r1.-r0.-d1.-r1.-d1.-r2.r0.f2.r2.r2.-d1.f2.-r2.d0.f2.f2.-d2.f2.f2.d2.-d0.r2.-d2.r2.f2.-r2
231,-f2.f1.-d0.-f2.r0.d2.d2.-f0.f2.-r2.-f1.f0.d0.-r2.-d0.f2.f2.d1.d1.f0.d1.-f0.-d1.-f2.-f0
232,-d1.-f2.-r1.r0.-d2.r0.d1.r2.f2.-f1.-r1.-d0.r2.d0.r1.-d2.-f0.r2.-f0.d2.f2.f0.-r2.f0.f0.r2.-d0.-f0
233,d2.f2.-d0.-r2.r1.d2.-f0.-r0.-d0.-f2.-d0.-f2.d2.f2.r0.d0.r1.d1.-r1.f1.-d2.f0.r1.-f0.-d1.-r1.d2
234,d2.f0.d0.r0.f1.-r1.d0.-r0.-f2.-d0.f2.f1.-r0.f0.d2.r1.-d1.-f1.d1.f1.d0.-f1.d2.d2.-d0.f0
235,-d1.-r0.d1.-f2.r1.-d2.r2.-f0.d1.-r2.d1.f0.-r2.-d0.-f2.-d1.-r0.-f2.-d0.f2.r0.-d2.r2.d2.d0
236,d2.-f1.-d0.-f1.d1.-r2.d0.-r0.d0.r0.f1.r1.d2.r1.-d2.-r1.-r0.f2.d0.-f2.-d1.-r2.-d0.r2.d1.-r2.d0.r2
237,f2.-d0.-r2.-d1.r0.f2.d1.-r0.-f1.-r2.f1.-r1.f1.d1.-f1.r2.-d0.-r2.f0.-d0.-r0.-f0.d2.-d1.d0
238,-f2.r1.f0.d0.-r2.d1.f2.d1.-f0.f2.-d0.f0.d0.-f0.r1.f2.f2.r0.d1.f2.-d1.-f2.-d1.f2.r2.-f2
239,-f0.-d2.f2.-r2.r1.d0.-f1.r0.-r1.r0.-f0.r1.-f1.f0.d0.f0.f0.-d1.-r0.-f2.r0.-f0.-r0.f2.r0.d1.-f0
240,-d2.-r0.f0.-r0.-f2.r1.d2.r1.-d0.-r0.d1.r0.d1.r1.f2.-f1.d0.-f0.d0.d0
241,f0.r2.-f1.d0.r0.-d0.f2.f0.-d2.f2.r0.-f2.r2.-r0.d2.-r1.-r0.-d1.r1.-d2.-r1.d1.-r2.-d0.-r2
242,r1.-r0.-d2.-f0.-r2.f2.-r1.-f1.-r0.d0.r2.-f1.-d0.-f2.r0.f0.-r0.-f2.f1.-f0.-r0.-d0.r0.f2.f2.r2.f2.-r2
243,f1.-r2.-d2.f1.r0.-d0.-r2.d1.f1.r0.d0.-r2.-f2.-r1.-f1.r0.r0.f1.f0.r1.f2.-r1.-f2.-d2.-f0.d1.f0
244,-f2.d0.-f0.r0.-f2.r1.d0.f0.-r0.d2.f1.r0.-f1.d1.d1.r1.-d1.-r2.-d2.-f2.-d0.-f1.d0.f2
245,r1.r1.d2.-f1.-d1.r2.f1.r2.r0.d2.r0.r0.d2.f2.d2.-f2.r0.d1.r2.-d0.f0.r1.-f0.-r2.f0.-r1.f1
246,-f0.-d0.f0.f0.-d0.-r2.-f0.-r0.-f1.r2.d2.f1.-r0.-d0.r2.-d2.-r2.-d0.-f1.-d1.d0.d0.f0.d1.-f1.-d1.-f0.d1.-f1.-r0
247,d1.-r0.d1.r2.-d1.r1.-f2.-d0.-f1.-f0.-d2.r0.-d2.-f0.-d1.r0.f2.-r0.-f2.d2.f0.-d2.-f0.d1.f0.d2.-f0
248,r2.r2.f0.r1.-d2.-r1.-f1.-r1.f1.-r2.r0.-d2.r2.-f1.-f0.-d0.-r2.d0.r2.d2.-d1.-f0.d2.f0.-r2.d2.f2.r2.-f2.d2
249,r0.-f2.r1.-d2.-f0.d2.r0.r0.-d0.r2.-d1.-f2.r0.-d2.-f1.-f1.-f0.-d2.f0.d2.f1.d1.d0.-r1.-f0.-r2.r1
250,d2.r2.-r1.f0.d0.r1.-f0.-d2.f0.-d1.f2.-d1.f1.-d0.-f1.d2.-f2.f0.-r2.r0.f2.-r0.d0.-r0.-d0.r0
251,-r2.d2.-f1.d0.f0.-d0.-d0.f2.f2.r2.d2.-d0.-d0.-f0.-d2.r0.-d2.-f0.-f0.-d2.-r0.-r0.-d2.-r0.-r0.-f0.-f0.-d0.-f0.-f0.-d0.-f2.d1.f1.-d1.f2.-f1.-r1.-f1.r1.f1
252,-r2.f2.f1.r0.-d0.r0.f2.d0.-r2.-d2.d0.r0.f2.-d1.-f2.f0.r0.-d2.d1.f2.d1.r0.-d1.-r0.-f2.-d1
253,-d0.r1.d2.-f2.f1.d2.-f0.-r2.-d0.r2.-r0.d0.-f2.-f0.-d2.-r1.-f1.r1.-d2.-d0.r0.d0.r1.-d0.-r0.-d2.d0
254,d2.-f2.d2.r0.d2.r1.-d2.r0.-d2.-r1.-d0.f2.r2.f0.-r2.-r0.f2.r0.-f0.-r0.f2.r0.-f2.-d0.f2.f2
255,f1.d2.-r2.r1.-d2.f0.-d0.f2.r0.r1.-d0.-d0.-r1.-d1.-r0.d0.r0.-f2.-d0.-r0.-f2.d0.f2.-d0.r0.-d2.r1
256,-d1.-f1.d1.-f2.f0.-d1.d0.f2.-f0.-d0.r2.r0.-d0.-f2.d0.f2.-d2.f2.r1.d2.-f1.-f0.r0.-d1.-r0.d0.f0.r0
257,-r2.d0.-f2.-d2.f2.f2.r2.r2.r1.d0.f0.d0.r1.d0.-r1.-d0.-r1.d0.r1.d0.-r1.d0.d0.-f2.-r1
258,-r2.f0.-d1.f2.-f1.-r2.-d2.-d1.-f2.-r2.d0.-r2.-d2.r0.-f0.-d2.-f1.d2.f0.r0.-d2.f1.d2.r2.-d2.f0.d2.-f0
259,d2.-r2.-d2.r1.-r0.-d2.-f1.-d2.f0.-r2.f2.d2.r2.-f1.-r2.f0.-d2.r2.d2.f2.-f1.-d0.-f0.d0.f1
260,d0.d0.f2.-f1.d0.-f1.r0.r0.d1.-f0.d2.f2.r0.f0.f0.r2.d1.-r2.f0.f0.-r1.d2.-r1.-d2.r1.-f1
261,-d1.r0.d0.-r0.f2.-d1.r1.f2.f1.-d2.f2.d2.d2.f1.-d1.f1.-r2.-f1.-r2.d1.-f1.-d2.-r2.d2.r2.d2.r2.d2.-r2
262,r2.-f0.d0.r0.-f0.-d2.-f2.d2.-f0.r2.r2.f2.-r0.d1.f2.d2.-d1.r0.f0.d0.-r1.-d0.r1.-d0.-f2.-f0
263,f2.f2.f1.f1.-d1.-d0.-f0.-f0.-d2.-r0.r1.-f0.-r1.-f0.r0.r2.r2.-d0.r2.r2.d2.f2.f2.r2.r2.d0.r2.r2.d2.f0.f1.r1.-f1.-r1.-f0.r1.f1.-r1.-f1
264,-f2.r1.d1.r1.-f2.-d1.-r0.f1.d0.f0.-d2.-r0.-d1.-f0.d1.r2.f0.-r2.r0.f0.f0.d1.-f0.-d1.f0.f0.-d1.f0.d1.-f0
265,f0.-d0.f1.r2.d1.-f0.r2.f0.-d2.-f0.-d0.-f1.-r0.d0.r2.f0.r2.f2.-d0.-f2.-d0.r2.r2.f0.f0.-r0.-f0
266,d1.f1.r0.d2.r1.-f2.d2.-d1.-r0.d1.r0.-d1.r1.-d2.r2.-d2.r0.-d0.-r0.-d2.r0.d0.-r0.-d2.r0.-f2
267,-r2.-d2.-r0.-r0.-f2.r0.-f0.-d0.-r0.-d2.-f0.r2.-f0.-r0.f2.f2.d0.r2.r2.-d0.-d0.-r0.-r0.-d0.-f0.-f0.d0.-r0.-r0.f2.f2.-f1.r1.-d1.-r1.f1.d1
268,d2.-r1.-f2.-d2.d0.-r2.f0.f0.-r2.-d2.r2.d2.-r1.-r1.d0.d1.r2.r0.-f0.-d0.f2.-f1.d1.f1
269,-d0.-r2.-d1.-r2.-d2.-f0.r1.-f0.d0.-f2.-f1.-d0.-f1.-r2.d0.f2.-r0.f1.r2.-d0.-f1.d0.-r2.-d0.-r1
270,-r1.d2.f1.r0.-d0.d2.-r0.-d1.-f1.d0.r1.r1.-r0.-d0.f0.-r1.-d0.r1.d0.-f0.-d0.r1.r1.d0.-r2.d2
271,-f0.-r0.f2.d1.-d0.f2.r0.d0.f2.-d0.f1.-d1.f1.d2.-f2.r0.f0.-d1.-f0.-r0.-f0.-d1.-r0
272,-r0.-f1.-r2.f1.-r2.f2.-r2.-f1.d0.r2.d0.-r0.d0.r0.-d0.r0.-f2.-d1.-f1.-d2.-f1.r1.f1.-r1.d1.f1
273,r0.f0.r0.-d1.-f0.d0.f1.-f0.-r2.-d1.-r1.d0.r2.d0.-f1.-f1.r1.d2.-r1.-f0.-d2.-f0.-r1.f0.d2.f1.f0
274,-d2.-f0.r2.-d2.r2.d0.-f1.d0.-r1.-r0.f2.r0.-d0.-r0.-f2.-d1.d0.-r0.-f2.r0.-d0.-r0.-f0.d0.f2.f0
275,-f1.-r2.-d2.r0.f1.r2.-d0.-r0.f2.-d2.-f2.-d2.-f2.-r0.-d2.f0.d2.-r2.f2.r2.-f0.-r2.-f2.-r1.f0
276,f2.r0.-d0.-f1.r0.d2.r0.d2.d2.-r0.f0.-d2.r0.d2.-f0.d1.-r2.-d1.-r0.-f1.r0.d1.r2.f1.-r2.-r0.d1.-r2
277,f0.-f2.f1.r1.r1.-d0.r2.-d2.-r0.d0.r0.f0.f2.f2.d0.r0.d2.d2.r2.r2.-d0.-f0.-f0.d2.d2.-r0.-r0.d0.-f0.-f0.d2.-r2.-f1.r1.f1.r2.-r1.f0.f1.-d1.-f1.d1.-f0
278,d1.-r2.f0.-r0.d2.f1.-d1.-r2.-f2.-r0.f2.-r1.-f2.r1.-d1.r2.d2.-r2.-d2.-f2.d2.d0.r0.d1.-r2.-r0
279,-f2.f1.-r0.d2.-f0.r1.-d1.-r1.-f0.-d0.f0.d2.-r1.f0.-d1.-f2.-d1.-f0.d0.-f0.d1.-r2.-f1.r2.f1
280,f1.f1.-r1.d2.-d0.-r0.f0.r2.-f0.-f0.-r0.d2.d0.-f0.-r0.-d2.f2.f2.-d2.d0.-f0.-f0.-r0.-r0.f2.f2.r2.r2.d2.d2.-r0.-r0.d0.-r1.f1.r1.-f1.-d0.-d1.-f1.d1.f1
281,f2.-f1.r1.r1.d0.-f1.-r2.f2.-f0.r1.-d0.-r2.-r1.d1.-d0.f2.-d1.-r1.-f2.-f0.-r1.-f2.r1.f0.f0
282,-f0.r2.d0.f1.-d2.d0.f1.r1.d1.f0.-d2.d1.r2.-d1.d0.f2.f0.r2.f2.f2.-r0.-f2.-r2.f2.r0.f2.-f0.-d0
283,-d0.r2.d1.r2.-d0.-f1.f0.-r1.d1.f2.-f1.-d0.f1.r0.f2.r1.f2.-r1.d0.f2.-d0.-f2.-r2.d0.r2.-d0.-f2.d0.d0
284,-d2.f0.-d1.-f1.-d1.r2.d0.-f0.r2.-f1.-d1.f2.r1.-d2.r1.f0.-r2.-f2.-r2.d0.r2.-d1.-r2.d1.d1.f2
285,f0.r1.r1.-f1.d0.-r2.-f2.-f0.-d0.-r2.-d2.r1.d0.-f0.-d0.f0.r2.-f2.r0.f2.d0.-f2.-r0.f2.-f0
286,d2.r2.f1.d2.r0.-d0.f2.-r2.-f0.d0.-f2.r2.-d2.f2.r2.-f2.f1.-r2.f1.f2.-d0.f1.-f0.r0.f1.f0
287,r0.-f0.-r1.-d2.f2.-r2.-d2.-r1.f2.d0.-r1.f0.-d0.-f1.d2.-d1.f1.-d2.r0.-f1.-d0.-r1.d0.-r1.f1.f1.r1
288,-d1.r2.-d0.r0.-f2.d2.-f0.-d2.-d0.-r0.-f0.d0.r1.f0.-r1.d0.-f2.-r2.-d0.-f1.-f0.r1.f1.-d0.-f1.-d2
289,d0.r1.-r0.d0.-r2.-f2.d2.-f0.d0.r1.f0.r1.-f2.-d0.-r1.f2.f2.r2.-f0.-d0.f0.-r2.f2.f2.r1.-f2.-f0
290,-d0.-r1.-f0.d0.-f2.f0.d0.d0.r2.-d0.-f1.d0.f1.f1.-r2.-d1.-r2.r1.f2.f1.d1.-d0.r1.d0.-f1.-r2
291,f0.-r1.-d1.r2.-d1.-d0.f2.r1.f2.-f1.-d0.f0.r2.-r1.f2.-r2.-f2.r1.r0.f2.-r0.f1.r0.-f2.-f0
292,r1.-d0.r0.d0.r0.f1.-r1.-d2.-f1.-d2.-r0.-d2.r0.d0.f2.-d2.r0.d2.-f2.-d2.f0.-r2.-d1.-r1.-r0.-f0.-r2.f1.r2.f0
293,-r1.f2.r1.d0.f1.-r2.-f0.-f1.-r2.d2.-r2.-d2.f0.d2.-r0.d1.-r0.-d1.-r1.d2.-r2.r1.d1.-f1.r2.-d1.r0.d1.r2.r2.f1.r1.-f1.r2.f1.-r1.-f1
294,-d2.-f2.r2.d1.f1.-r1.d2.r2.r2.f0.-d1.-r2.-f0.-r2.f0.-r2.f1.r0.-f1.-d2.-r2.f1.r1.-d0.-r1.d0.-f1.r2
295,-f2.d2.f1.-d0.-f2.r2.f2.-f0.r0.f0.-r2.-f2.d0.r0.-f1.-r0.-f1.r0.f1.f1.r2.-f1.-r2.-f1.r2.r2.-r0
296,-r0.-d2.d1.-f2.-d2.-r1.-r0.f0.-r1.f1.-d0.r1.-f1.r1.r0.f1.-r0.d2.-d0.-r0.d2.-r0.-d2.r0.d0.-f2
297,-r0.d1.-r0.d1.d1.f1.r0.-f0.-f0.-r2.f0.-d0.r0.d0.-r0.f0.-d2.-d2.-r2.-r0.-d2.-r2.-r0.f2.-d0.-f2.r0
298,r2.r2.-d0.-r1.d2.-f2.r0.f1.d2.r2.-d2.r1.-d1.f1.f2.-d2.-r1.d2.r1.f0.-d1.-f0.r1.-r0
299,f0.r2.f0.f0.-d0.-f0.d1.f0.d2.d2.-r2.f0.f0.d2.-r0.-r1.-f2.d0.f2.-r2.-f2.d1.-r1.-d0.r1.-d1.r2
300,r2.-d1.-r1.-f1.d0.f0.-d2.f2.f0.r2.-d2.r0.-d1.r2.-r0.d2.f2.-d0.-r0.-f0.r0.d0
301,r1.f0.d2.-r1.-d1.r2.-d2.-f2.d0.-r0.-d0.-d0.f2.d0.f1.-d2.f2.r2.f2.-d1.-r2.-f2.-r2.d2.f2.d1.f1
302,-f2.-r0.-f0.r1.-f2.-r0.f0.r1.-d2.-f0.d2.-f0.-d2.-f0.d2.-f0.-d2.-r1.d2.r0.f0.f0.-d1.-f0
303,d2.-f2.-d2.-r1.d1.-r2.f0.-d1.-f0.d1.r1.-r0.d2.-f2.-d1.f2.d1.-f2.-d0.r2.d0.r0.-d0.f2.-r2
304,r0.d2.-r1.d2.-r2.d0.-r0.-f0.r0.d0.f1.r0.-f2.f0.-r2.r0.d0.-r1.-f2.r1.f2.-d0.r2.-d2
305,-d2.-r2.f0.-r0.d2.-f1.f0.r2.-r1.-f0.-d2.f0.r1.-d0.r1.-f0.r2.f0.-r0.-f0.-r2.-f2.r0.-f2.r2.f2.r1.-f2.d2.f2.-r1
306,-r2.f1.-f0.d2.r0.f2.-d2.r1.f0.d0.-f1.d2.-d0.r2.r1.f1.d2.f0.-d2.-r2.-f2.-d0.-f1.-d2.f1.d0.f2.r2
307,-f2.-r0.-f2.-r1.-f2.-d1.r0.-r2.-f1.-f0.-r2.-r0.d2.-f1.-f0.d0.-r2.-d2.f0.d2.-d0.-r0.d0.r2.-d0.r0.-d2
308,-r2.f2.f1.r1.r1.r0.-f0.d2.d2.d0.f2.-r0.-r0.-d0.f2.-r0.-d0.-r0.-r0.-d2.-f0.-f0.-d2.-d0.-d0.-r0.-r0.f2.f2.-d1.-f1.d1.f1.-d0.f0.d1.r1.-d1.-r1.-f0
309,d0.f1.-d1.f0.-d0.f1.-r0.d0.-r0.f0.r2.d1.-r0.-f0.r1.d1.-r1.-d1.d0.-r2.d0.r2.d1.-r2.-d0
310,f0.d1.f0.r2.r2.f0.-d2.f2.-d2.-f2.-d2.-r0.-d0.f2.f1.-r1.d0.f1.r0.-f1.r2.-d2.-r2.f1.-r0.-f1.r0.r0
311,-d0.r1.-f1.-r0.-d2.f2.d0.r1.-r0.-d0.d1.-r0.d2.r2.-d0.-f1.r0.f2.f2.-f0.-r2.-f2.-r2.d0.r2.-d0.r2.-f2.f0
312,-f2.-d1.d0.r2.f0.-d0.f0.-d1.r1.-d2.d0.-r1.-d2.r1.f0.r0.r0.-f1.r0.-d2.-f0.-r0.f1.-r2.f2.d1.-r2.f2.r2.-d1.-r2.-f2
313,-r1.f1.d1.f0.d1.-r0.f0.f0.r2.r2.d0.d2.d0.f2.-r0.-f2.r0.-d2.-d0.r2.-f0.-r2.-f1.-r2.f1.d2.-f1.r2.f1
314,-d0.r2.-d2.f0.-f2.-r2.d1.f2.-r0.-d2.d1.f2.-f1.f2.-d2.-f2.f0.-d2.r1.d2.r2.d2.-r1.f2.-r1.-f2.r1.f2
315,-f2.f1.r2.-f2.r1.-d0.-r0.f2.-r0.-f2.f0.-r2.f0.-d2.-f0.-r0.-d0.-r0.-f2.-d0.f2.-r0.-f2.d0.f2
316,-d2.f0.-r2.r0.-d1.d0.-f2.-d2.r1.-d2.f1.-r0.d2.d1.f0.-d1.r0.-f1.-d1.d0.r1.f1.-r1.d1.r1.r0
317,d0.-f2.d2.-f1.d2.-f1.d0.r2.-d1.r0.d0.-r0.d2.r0.-f0.-r0.f0.-d2.-f2.-r0.f2.r0.f2.d2.-f2.-r0.-d2
318,d0.-r0.f0.d2.r2.-d2.r1.d0.d0.r0.-f0.r1.-r0.d1.f2.-r1.-f2.r1.f2.d1.r0.d1.-r0.-d1.-d0.-f2
319,d1.d1.f2.-d0.f0.f0.r0.f0.-d2.f1.r2.f1.-f0.-r0.-d1.-f2.r0.f2.d1.f0.f0.r0.-f0.-r0.-f0
320,-d0.r0.d2.-d1.-f2.-r2.r0.d1.-r1.-f2.-f1.f0.-r2.-d0.r2.-d0.f0.d1.-f0.-r0.d0.f0.d2.d0.r2.-d0
321,-f2.-r0.-d0.f0.d0.d1.f2.r2.d0.-r2.-d0.-f0.d0.f0.r0.-f0.d0.f0.r2.-f0.-d0.-f0.d0.f0.-d0.f0.r0.r0.-f0
322,f1.-f0.d2.f0.-d1.r2.-d2.r0.-f2.r1.-d0.r1.r0.-f1.r2.f1.-r1.-d1.-f2.d0.-r0.-f1.r0.-d0.-r0.f1
323,r0.f2.-f0.-r1.d1.r0.-f0.-d1.f2.d2.r2.d2.-r2.-f2.r0.r2.-d2.-d2.r0.d0.r2.-d2.-r2.-d2.-f0.d2.f0.-d0.-r2
324,-d2.-r0.-f2.-r0.f1.-d2.d1.f2.-d0.-r2.d2.-r1.-f0.-d2.f0.-r0.-f0.d2.-f1.d0.r0.-f0.-d0.-f1.d0.f0.-r0.-d0
325,-r1.d0.-r2.d0.r2.f2.f2.-r2.d2.r0.-f1.-f1.-r2.r1.f2.f1.-f0.d2.-f0.r2.-f1.r2.f1.-r2.-d2.-d0.f0
326,-f2.d0.-f2.-r0.-f2.-d2.-f2.r0.r0.f0.d2.d2.-r0.f1.-r1.-f1.f0.d1.f2.-d1.-f2.-d2.-d0.-f2.d0.f2.-d1.-f2
327,-d1.r0.-d2.-f1.-r0.-d2.-f1.f0.-r2.-d1.-r0.-d2.-f1.d1.-r0.-d1.f1.r0.f2.d2.r1.-d2.d0
328,-d1.-r0.d0.f1.d0.-f2.r2.-f1.d1.-f2.r0.d2.d0.-r2.f0.-d2.-f1.d1.f1.d2.r1.-f1.-r2.-f2.-d1.f2.r2.f1
329,f1.-d1.-f2.-d2.r2.f0.-r0.-d2.-d1.-r2.r0.f2.-f0.d0.-f2.-r2.f0.-f2.-d0.r2.d0.f2.-d0.-r0.-f2.r1.r0.d2.d0
330,f1.-r0.-d2.r2.-f2.f0.-r2.f0.d0.-f0.-r2.-r1.f0.-d2.r0.f1.f1.-r2.d1.f1.r0.-f1.-r2.-f1.r2.f1.r0.r0.-f1.-f0
331,-r1.f2.-r0.-d0.r0.-r2.-f2.f0.r2.-d0.-f2.-d0.f2.f0.-d0.f0.-r1.-f0.d1.-r1.-d1.-d0.-f1.d0.d0
332,d2.-f1.-r2.d0.-r2.f2.r0.f2.-f0.-d0.f0.r2.-d2.-r2.r0.d0.d0.r1.-d2.-r1.-d0.-r0.f1.f0.-d2.-r0.d2.r0
333,-d1.-r0.-d1.-f0.d2.r2.d2.d2.r1.f0.-d1.f2.r1.d2.-f2.-r2.-f1.d0.r2.f2.-d0.f2.r0.-f0.-r1.f0.-r0
334,d0.-r2.-d1.-d0.r2.-r0.-f1.d0.f2.-d0.r2.r2.d0.r0.-f2.r2.-f1.d2.r2.d2.d2.d0.r1.d2.-r1.-d0.-r2.f1
335,r0.-d0.f1.d2.r1.f2.f1.-f0.-d1.-d0.r2.f0.r2.d0.f0.-r0.d2.-f0.-d0.-f0.-d1.f0.r0.f1.r1.-f1.-f0
336,-f2.r2.d0.r1.-f2.-r0.-d1.r1.-r0.-d1.r2.f2.-d2.-f1.r0.f0.-r1.-f0.-r0.-d1.f1.d1.-r1.-f1
337,r0.-d1.f0.-d1.-f2.d1.r2.r0.-f2.-f0.-d0.-f1.-r0.-f0.r0.-f2.-r0.f0.r1.f0.r2.r0.f1
338,d1.f2.f2.-d2.-f1.-d2.r2.-d0.f1.d0.-r0.-d2.d1.r2.f2.-r2.-f2.-d0.r0.-d1.r2.d1.-r2.-r0.-d1.d0
339,-f0.-r2.f0.d0.r1.-f1.f0.d2.-f0.d1.r1.-r0.-d2.r0.f0.r0.d2.-r1.-r0.-f2.r0.r0.f2.f2.-f0
340,f0.-d1.f0.d0.-f2.-r2.f2.-f0.r2.-r1.f0.r0.-d0.-f0.d2.-r1.d0.r0.f1.r1.-r0.d1.f1.d1.r2.-f1.-r2.-d1
341,d2.-f1.d0.-f2.d2.-f2.r2.r2.-f0.-r0.-d0.-f2.-r0.-d0.f2.-f0.-r0.-d0.r2.f0.r0.-f1.-r0.-f0.r0.f1.f1
342,-f1.f0.d2.-r0.f0.d2.r2.d2.r0.d1.-r1.d1.f1.-r2.f0.-r1.f1.d2.-r0.-f1.r1.r0.d2.-f1.-d2.f1
343,-r1.-f2.-r2.f2.-d2.r2.f1.-r1.d2.-f1.r1.-f2.d2.-f2.d1.r0.-f1.-r0.f1.d1.-r1.-d1.-f1.-d1.d0
344,-d2.d0.-f1.r0.-d0.-d0.f1.r1.-d2.-r2.-d2.r2.d1.-f2.-d2.f2.f2.d0.r0.f2.-d2.-f2.d0.d0
345,-d0.-f0.r0.-d1.f2.-d2.f0.d2.-r1.f1.-d2.d0.r0.-d0.f1.-r0.d1.f0.d2.r1.-d2.-f0.-d1.-d0.-f1
346,-r0.d0.f2.-r1.d2.-d1.r0.r1.r1.-f1.d1.-d0.r1.-d1.f1.d1.r2.d2.r1.-f0.r2.-d0.-r0.d2.f0.-d2.r0.-f0
347,f0.-r0.-f1.r2.-f0.r0.-f0.-d1.d0.r0.-d0.r1.-r0.-f1.r2.f2.-f0.r1.-d1.r2.-d2.-r2.d1.-r1.f0.r1.r0
348,-f0.f2.d1.r2.-d2.-f0.-d0.-r2.-d0.-f0.-d2.-r0.d2.-r0.d2.-d0.-r0.-r0.d2.f2.f2.d2.d2.-f0.-f0.f2.f2.d2.f1.r1.-f1.-d1.-r1.d1.f0.-d1.-f1.d1.f1.-f0
349,-f0.d1.-f1.d0.-f1.r0.-d2.-f2.-f1.-r0.f0.-r2.d2.r2.-r0.f0.-d2.d0.-f0.-d0.f0.d2.-f2.-f0.d0
350,-r0.d2.-r0.f1.r2.-f1.-d2.f2.-d0.r0.-d2.-r1.r0.-d2.-r0.d0.f2.-r0.f0.-r1.d0.r1.r1.-f0.-r1.-f0
351,-d2.-f2.r2.-d2.-f0.-f1.-d2.-d1.r2.-d1.-f0.-r1.-r0.-f2.-r0.-f0.-d0.-f0.-r0.f0.r0.-f0.r1.-d0.r1.d0.-r1.f0.f0
352,-r1.d1.-f1.-d0.f0.-d0.r2.-d2.f2.r2.f0.d0.-f2.d0.f2.-r0.-f0.-d0.-f2.-r0.-f1.-r1.f1.r0.f2.-d0
353,-f2.r0.f0.d1.d1.d0.-r1.f2.r0.-d0.f1.r0.d2.-f2.-r2.f0.-r1.-d0.f0.-r1.-f0.r1.r1.-f0.r0.f0.-r1.-f0.-r0
354,-f0.r1.-d2.f0.d1.-d0.-d0.r2.d0.d1.-f2.r2.-d0.-r2.-r2.-f0.r0.-f1.-r0.f1.r2.-f1.-d0.r0.f1.-r0.d0.r1
355,-f1.d1.-r1.d1.-f1.d0.d0.r1.-f2.-d0.f2.d0.r1.-f2.-r1.-d0.-r0.d0.d0.f2.d0.-r0.-d0.-r0.f2.r0.r0
356,-d2.-f0.-d0.-f2.r2.-d2.d0.r1.f2.f2.-f0.-d1.-f1.d1.-f0.r2.f0.-d0.-r0.d0.f2.r0.d1.-r0.-d1.-f0
357,-r2.r1.f2.-r2.-d1.r1.-f2.d2.f2.r0.f1.-r0.-f1.-f0.-r2.-d0.-d0.f0.d0.f1.d0.-r2.-f2.-d0.-f0.d0.f2.f0.d0
358,f1.-d0.-r2.-d1.-r0.f0.r2.f1.r2.f2.r2.-r1.f0.d1.-r2.r1.r0.-d2.r0.-d2.-r0.f2.-r0.f2.r0.f1
359,-r1.-d2.-f0.r0.f1.d0.-r2.f2.-f1.r2.-f2.r2.d2.r2.d2.d2.-f0.-r1.f0.r1.r0.d2.f2.-d0.-f0.d0.-f2.-d0.f0
360,-r1.-d2.-r1.-d2.-r2.-f2.d0.d0.r1.f0.r0.-f0.-d1.-f0.r0.f0.r1.-r0.d2.-d1.-r1.-f2.-r1.-f0.d1.-f0.-d1.f2.f0.f0
361,-f2.-r1.-f2.-f1.-r2.-d1.f0.-r1.d2.r1.d2.r2.d0.-r2.f0.f0.r2.r2.-r1.d0.r0.-d0.r1.d0.-r2.-r0.d0
362,-r2.r0.-f0.-r2.-f2.f1.r2.d2.-f0.d1.-r0.d2.-r1.-d2.d1.-f1.-r0.-f2.d0.r2.-d0.-f1.d0.-r2.f2.r2.-d0.r2
363,d1.-f2.d0.-f0.r0.-d2.-r1.-d0.f1.-d0.-r0.-f1.-r2.-f0.-r1.d2.d2.-f1.-r2.f0.r2.f1.d2.d2.-d0
364,-f2.-r2.-f2.-r1.-d2.f2.d0.d0.-f2.-d0.r1.-f2.d0.f0.-r0.d1.-r2.-d1.r2.d1.r2.-d1.-r2.f0.f0.d0
365,r2.-d2.d0.r2.-d2.-f0.d0.r0.f0.f0.-r1.d0.r2.r0.-d2.r1.d0.-r2.f2.-r1.d2.-r0.d0.-f2.d2.f2.-d2.-d0.-r2.d0.r0
366,d0.-r2.-d2.f2.-d2.r2.f1.f0.-d2.f2.-r0.-f2.r0.-d2.f0.-d1.-f0.-d1.f2.d1.f0.-d2.d0.-r0.d2.-f1.-d2.r0.d2.f1
367,-d1.f1.-d1.-r2.-d2.-f2.f0.r1.-r0.-f2.d0.-f0.d2.-d0.f0.r2.r2.f2.r2.-f2.f1.r2.-f1.-f0.-d2
368,d2.d2.-r0.-f2.f0.-f1.d0.r2.d1.d0.-r1.-f2.-f0.d1.-f1.r0.-f2.r2.f2.f2.-r0.-f0.-d0.r0.f1.d0.f0.r0
369,-d0.f2.-f0.-d0.r2.-f2.-r0.d1.-f2.-d2.d1.-f1.-d1.r2.r2.d1.r0.d1.-r0.-d1.-r1.f1.f0
370,f1.-d1.f0.d2.f0.-r2.d0.f1.r0.r0.-d1.-f2.d1.-r0.f0.-r2.-r1.-d0.r2.-r1.d0.r1.-d0.-r2.d2.d0
371,d2.d2.f2.-f0.-d2.r1.d0.-f2.d2.-f0.-d1.r1.d1.-f1.-d1.d0.f2.-d1.r2.-f1.-r2.f1.-d0.-f0.-r2.-f1.r2.f0.-r2.f1.r2
372,d1.-r0.f0.r1.-f0.-d0.-f0.d2.r2.-f0.r0.f2.d2.r0.f2.r0.-d2.-r0.-f0.-d1.r1.-r0.-f1.-r1.r0.f1.-d2.-f1.d1.f1.d2.-f1
373,f2.-r0.f2.d0.-r0.d2.d2.f2.r0.d2.-r0.-d0.-d0.-r0.d2.-d0.-f0.-f0.-r0.-r0.-d0.f2.f2.-r0.-r0.d2.d2.-f1.f2.-r1.f1.r1.-f2.-f1.r1.f1.-r1
374,-d0.-f1.-f0.f2.-r0.-f2.d2.d2.-r2.-d2.r2.-f0.-f0.-r0.f2.d2.-d0.-f0.-f0.f2.f2.-d0.r2.r2.f2.f2.-d2.f2.f2.d2.-r1.r2.-f1.r1.f1.-r2.d1.f1.-d1.-f1
375,d2.f1.d1.f1.-d1.f0.-d2.-d2.-r2.-r0.f0.r2.d2.r0.-f0.-r2.f0.r2.d2.r2.d2.-f2.-d2.-d1.r2.d1.-r2.d1.-f0
376,-f2.r0.-d1.d0.-r2.d2.-d1.r0.d2.f2.f0.-d2.f0.-d0.-d1.r2.-d2.r0.-r2.f0.r2.f1.-r2.d1.r2.r0
377,r0.-f2.f0.-r1.d0.-r2.-f0.-r2.-d0.-r1.d2.-f0.d2.f0.-d2.-d0.r1.-f2.d1.d1.-r0.-d1.r0.d1.-r0.d1.f0
378,-d1.r0.f2.-d0.r0.-f0.r2.f2.r2.-f2.d2.f0.f0.-r1.-f0.r1.-f0.-d0.-r2.r1.-f1.r2.f1.r2.-f1.-r2.f1.r0
379,-r0.d1.-r1.-f1.r0.d0.-f2.f0.-r1.d0.r0.-f2.f1.f0.d1.f0.d0.f2.-d0.-f0.-r2.-d0.r2.-d0.-d1.f0.d0.f0.f0
380,d2.d1.-r2.-f2.r1.d1.-d0.-r2.f2.r0.-d2.r1.-d2.f2.d2.-f1.-r0.f1.-r0.f0.-r1.-r0.-d1.-r0.f2.r0.d1.-r0.-f2.r0
381,-r0.d0.-f1.r1.-d0.-f0.-d2.f2.r2.-d2.-r0.-d2.-r1.f2.-r0.-f2.d0.-f2.-d0.-f0.d2.r2.-d0.-r2.-d2.f0.r0
382,-r0.-f1.d2.-r2.-f2.f0.r0.-d1.-r1.-d0.-f0.-r2.f0.r1.r0.-f2.-f0.-d0.-f0.-d2.-r2.d2.r2.f0.-r2.d0
383,-d2.r0.-d2.f2.f2.-d2.f2.r0.d1.r2.-d1.-f1.r0.-d1.-f2.-r1.r0.-d2.-r2.-f1.r2.d2.-r2.r0.r0
384,-d1.-d0.-r0.d0.f0.r0.-r1.f0.-d0.-r2.-d1.d0.r2.d0.-f0.d0.f1.d0.-f1.d0.d0.f0.-d0.r2.-f1.-f0
385,-d0.-r2.f0.-d0.r2.-f1.f2.d0.-f0.-r1.f1.-d2.f2.-f1.d0.f1.-r2.f0.r2.-f1.-f0.d1.f0.-d0.r2
386,-f2.-r2.f0.-d1.-r1.-f1.d2.f1.f1.-d1.d0.-r2.d2.-r2.d2.r2.-f0.d2.d2.f0.-d2.r2.-d2.d1
387,-r0.-d2.-d0.f0.d0.f0.-d0.r2.r2.-d0.-f0.-r0.-r2.d2.-f0.-f0.-r0.-r0.d2.d2.d0.-f0.-f0.-d2.-r0.-r0.d0.r2.d1.-f1.-d1.f1.-r2.-f0.-f1.-d1.f1.d1.f0
388,-d2.d0.f2.f1.-r0.-d1.d0.f1.r2.-f2.-r0.-d0.r1.r1.-d2.r2.-f0.r2.f0.f0.r0.-d0.-f0.r2.f0.d0.-r0.-f0
389,-f2.-d2.-f0.-f2.d2.r0.-d0.r2.r2.-f0.-d0.r2.-d0.f2.f2.-d2.f2.f2.-d2.-r0.-r0.-f0.-f0.-d0.-r0.-r0.-d2.d0.r1.f1.-r1.-f1.-d0.-f0.-d1.r1.d1.-r1.f0
390,f2.r1.d2.d2.-r0.-f2.-d2.d1.-f0.r2.-d1.f0.f0.-d2.d0.-r1.-d0.f2.r1.-d0.-f2.d2.f2.d2.d0.-r1
391,-d2.-f1.d0.-f2.f1.d1.-r2.r0.d0.-f2.-f0.d0.r2.r2.d0.-f2.d1.-r2.d1.-f2.-d1.-f2.-d2.-d0.r2.d0.-r2
392,r0.-f0.d2.-r2.-d0.r1.f1.r0.f1.-r0.-d0.-f1.r0.-d0.-f0.-r2.f0.-d0.-f0.r2.f0.-r0.f2.d0.-f2.-d0.r0.d0
393,-r0.-d2.d0.d0.r2.f1.-r0.-d2.-r2.-f1.-d0.-r2.d0.-r2.-d2.-d1.r0.f0.r1.-f1.-r1.-r0.f2.d0.f0.-r1.f1.r1.-f0.-r1.-f1
394,-r1.d0.-r2.-f0.-d0.-r1.f2.r1.d2.-d1.-f2.d1.-r0.d1.-f2.-d1.-r0.-d0.-r2.d0.-f2.-r2.f2.-r2
395,d0.-r0.f2.-r2.-d0.r2.-f0.-r2.-d2.d1.-f2.-d1.r2.-f1.d2.-f0.-d0.f1.d0.r1.-f1.d0.r1.-f1.-r1.f1.-r1.-d0.r1.-d1.-r1
396,d2.-f0.r0.-d1.f2.-r2.-f0.-d0.-r2.-d2.-f1.r2.f2.-d1.-f2.f1.-r2.f0.-r1.f0.f0.-r0.f1.f1.r2.r0.d2.-d1
397,r0.-d1.f0.r2.-r0.-d0.d1.f0.r0.f1.-r2.-d0.r2.-r0.-f1.f0.-d1.r2.d1.-r1.-f2.-r2.-f1.d1.f1.f0.-r1.-f0.r1
398,-f0.-f0.d2.f0.r0.f2.-d2.r0.r2.f2.-r0.-f2.-d0.-d0.r2.r2.f2.f2.-r0.-r0.r2.r2.-d0.-r0.-r0.f2.f2.-r0.-r0.-d2.-r0.d1.-r1.-d1.r1.r0.-d1.-f1.d1.f1
399,r1.-f1.r0.-f0.-d2.r2.-f1.-d0.r2.-d2.-d1.d0.r2.-d2.-r2.-d1.f0.-r2.-f0.r2.-f0.-r2.f0.-d0.-f0.-d2.f0.d0.-f0
400,-d2.-r1.-d2.f2.r2.d0.-f0.d0.-f2.-d0.-f2.d0.-r2.f2.r1.f2.-f0.r2.d1.-r2.-f2.-f1.r0.f1.r0.-f1.-r0.f1.-r0.-f1
401,-r0.-d2.-f2.-d2.-r2.f1.r0.f0.-r0.d0.-r2.-f2.-f0.-r0.-d1.-d0.d2.-f2.r0.f0.r0.d0.-f2.-d2.r2.d2.f2.-r0.-f0
402,-f2.d0.f1.f1.-d1.f0.-r0.-r0.d2.f2.-d2.-d0.-r0.-d0.f2.d2.r2.d2.f2.f2.d2.-f0.-f0.-d0.-f0.-f0.-r0.-r0.f2.f2.r0.f1.d1.-f1.-d1.r0.d1.f1.-d1.-f1
403,-f1.-r2.-d0.f0.-r2.f1.-f0.d2.-r0.d0.-r2.f0.-d2.r1.d2.f2.-f0.-d0.-r0.f0.d1.-f1.-d1.-f0.-d1.f1.r0
404,-d1.-r2.-f0.r0.-d1.f2.-r1.r0.-d2.-f0.d2.-f2.-f1.-r1.-f0.-r0.f0.-d1.d0.-f1.d0.-r1.d0.r1.f1.d1
405,f2.d2.d2.r1.f0.r0.d2.-r2.-d1.-f2.-r2.f2.-r2.d1.-r0.f1.d0.-f1.r0.d2.d2.-f1.d0.-f1.d1.-r1.-d1.f1.-d0
406,-f1.-d0.-f0.d0.-f0.-r2.f0.d1.-f0.d2.-f0.r2.f0.-r0.-d0.r2.-r1.f1.r0.-f2.-f0.d1.d1.-d0.f0.d0
407,-d1.-r0.-d1.f0.r0.-d0.-f2.-d2.f2.-f1.-d2.-f2.-d1.-r2.-d1.r2.-d2.-r2.d1.f2.f1.d0.d0.f2.-d1.-f0.d1.-f2.f0
408,d1.-r0.-f0.-d0.r2.-r1.-f0.f2.-f0.-d0.-d1.f2.-r2.f2.d0.-r2.f1.r1.-f1.-d1.r2.d1.-r1.d1
409,-f0.d0.f2.d0.r1.-f2.-d0.f2.d0.f0.d1.d0.-f2.r2.-r1.f0.r1.f0.f0.-r2.f1.f0.d2.-r1.-d2.f2.-d1.-d0.-f1
410,-d2.d1.-f2.f1.-r0.f0.r2.f1.-r0.-f0.-f2.-d1.r1.-d2.r0.d2.f2.d0.-r2.-r0.-d2.-r0.d2.-r1.-d2.r0.-f1.-f0
411,-f2.d2.r1.d1.-d0.-f0.-d2.-f0.-d2.r2.d2.-f1.-d2.f0.-d2.f0.r2.d2.-f0.-r1.d2.d2.r1
412,r0.r0.d0.d0.f1.-r0.d2.r1.r0.f2.-f0.d2.-f2.-r2.-d2.-r0.-f0.d2.r2.-d0.f0.d0.-f0.-r0.-f0.-r2
413,r0.f1.-d2.-f0.-r1.-f0.-d0.-r2.f2.-r1.d2.-r2.d1.r2.-d0.-r2.-d1.-r2.d1.r2.d0.-f1.-r2.f1.-d1.-r2.d1.r2.f1
414,-r2.d0.-f2.r0.d0.-r2.-f0.-d2.d1.-f2.r1.r0.-d2.f2.d1.-f2.-r1.d1.r1.f1.-r2.r1.d1.r2.-d1.-r1.f2.-r1.-f2.r1.r0.d2
415,d0.d0.r2.-f2.f1.f0.r0.d2.d1.-r2.d2.-f0.r0.-d0.-r0.-f1.-d1.f1.d2.f1.d1.r2.-f1.-d0.f1.d0.-r2
416,d2.r1.d0.r1.-f0.-d1.-d2.-r0.d0.r1.r2.-r0.-f2.d2.-r0.-d1.-f2.r0.-d2.-r1.-d1.r2.d1.r1
417,-d2.r0.-f0.r0.d1.-d0.-f1.-d0.f2.-f0.r2.-d2.-f0.d2.-d1.-r2.-r0.f1.-d0.r0.d1.-r0.d0.-r2.r0
418,r1.-f2.f1.d1.f2.-d2.r0.-d2.d0.r0.d0.-r0.d0.-r2.r1.-d2.r2.d2.-r2.r0.f0.-r2.-f2.r2.-f0.d2
419,d2.d2.f2.f2.-r0.-d0.-r0.-r2.f0.-d0.-d0.-r0.-r0.-r2.-f0.-d0.f2.f2.d0.-f0.-f0.-d0.-f0.-f0.f2.f2.-r0.-r0.d2.d2.d0.-r1.f1.-d1.r1.d1.-f1
420,d2.f2.-d0.f2.-r1.-f0.-r1.-d2.f1.-d1.-f1.d0.-f2.-d0.-f0.-r1.d2.f2.-r2.-f2.-r2.f0.-d2.-r0.d2.r0
421,-d2.f2.d2.-d0.-f1.-d1.r2.-d2.-d0.f1.f2.-r0.f0.f0.d2.f1.-d2.-f1.-r0.-d2.-d0.-f2.-r0.f2.r0.-f2.r0
422,-f1.-r1.-d1.r1.-f1.-d2.-f0.-d2.d0.-f0.-d0.r2.-d0.-d0.-r2.d0.f2.d0.-f0.-r2.-f0.r2.d2.-r2.-d2.-f2.d2.d2.f2.r2
423,-r1.d0.r1.d0.f0.f0.d2.d2.-r2.-d1.-f0.-r1.f0.r0.-f2.-r2.-f0.-r2.f0.r2.f2.r1.f1.-d0.-f1.-f0.-d0
424,-d2.d0.r2.r2.-d1.-r1.-f2.-r2.f2.d0.r2.f0.r1.f0.-r1.-f0.-d2.-f2.-r1.r0.f2.f2.-d0.f2.d0.f2.r1.-r0
425,f2.f1.r1.r1.d2.-r2.f0.-d0.-d0.-r0.-r0.-r2.-f0.f2.-d0.-r2.d2.-f0.-f0.d0.f2.f2.d0.-r0.-r0.-d0.-d0.f2.f2.-r0.-r0.f2.f2.f1.r1.d1.-r1.-f1.-d1.-r1.f1.r1.-f1
426,f1.d0.r2.r1.d2.r2.f2.d1.f2.r2.d1.-f0.-d0.-f1.f0.-d1.-f2.-d0.-f0.-d1.-r1.f1.r1.d1
427,d2.f0.-d0.f2.d1.d2.f0.d0.r1.d0.-f2.d2.-r1.f1.r1.f2.-f1.r1.-d2.-f2.-r2.f2.r1.-f2.r2
428,-r2.-d0.r1.-d0.-r0.-f2.f1.-r2.-f1.r1.d0.-r0.f2.-r2.-f2.r0.f2.-r0.d0.f1.d2.-f0.r0.f0.-d2.-f2
429,d2.r1.d0.r1.f2.f2.-r0.f2.r1.r0.-d0.-f0.r2.r1.-d0.r1.-r0.f0.-r1.-f1.-d1.-f2.-d2.r1.d2.f2.d1
430,d1.r1.-d0.-f2.r2.-r1.f2.r0.-d0.-r2.d1.-d0.-f0.d0.-f0.r2.f0.-r2.-d1.r2.-d2.f1.d2.d0.-r2.d1.r1.-f2
431,r2.-r0.-d2.f1.d1.r1.-f2.-d0.f2.-f0.r2.r1.d1.f0.-d2.-f0.-d0.f1.f0.r0.-d1.-r0.d1.f0.d1
432,f1.-r2.f1.-f0.r0.-f2.-r0.-f2.-d1.-r0.f0.r0.f0.-d1.-f0.r0.d2.f2.-d0.-f2.d2.d2.-d1.-f2.-d1.d0
433,d2.r0.d0.-f2.f0.-d2.-f0.r1.d0.-f2.d2.r1.d0.d1.f2.f0.f0.r2.-f0.-r1.-f1.d0.-r1.-d0.-r0.-d1.r1
434,r2.f2.d1.-f1.-r0.d1.-r1.-f2.r1.-d2.r1.d2.r2.d0.r1.-d0.-f2.-d1.f2.d0.d0.-r0.-d0.r0.-d0.-r1.-r0.-d0
435,r0.-d0.r0.-d1.r2.d0.-r2.d2.-f1.-d0.f2.-r2.-f2.d0.f2.-f1.r1.-f1.r2.-f1.-d1.-r1.-f0.-r1.f1.r1.f0
436,-r1.d1.f0.r1.-f1.-d1.-f0.-r0.f2.d0.d0.-r0.-d2.f2.-d0.f0.d0.-f2.d2.-d1.-d0.-r0.f2.-r0.-f2.r0
437,d0.r2.d2.-r1.f2.r0.d0.r2.-f2.r1.f2.d2.-r1.-f2.r1.f0.r2.d2.-r0.-d2.r0.d1.-r0.f0.r1.-f0.-r0.f0.-r1.-f0.r0
438,-f0.-d0.-f2.r2.f0.d2.r2.d0.f0.-d1.r1.-f2.-f1.-d1.-r0.f2.d2.f1.-d2.d1.-r1.d0.-f0.d1.f1.-d1.-f2.f0
439,-d0.f0.-d1.r2.-r0.-f2.-d0.-r2.f2.-d1.-d0.f0.-r1.d0.-r2.-f1.r2.f1.-r1.-d0.-r2.d1.-r2.d0.r2.-d1.r1
440,d1.-r1.d2.d1.-r0.f0.-r0.-f2.-d0.f2.-r0.-f0.-r2.d1.r2.d2.-f1.d0.f1.r1.-d2.-d0.f1.d0.r2.f0
441,-r0.f2.-f0.d0.r2.r0.r0.d2.-d0.-f1.-d2.-f0.-r2.-f2.d2.f0.-r2.f2.r2.-f0.-r2.-r2.-f2.-r2.f2.r2.-f2.-d2.f2
442,-f0.-d2.f2.-d2.-f0.d0.-r0.-f1.d2.d1.r2.r0.r0.d0.-r0.f2.r0.f1.-r0.-d0.-f1.f0.r0.-f0.-r0.-f0
443,f2.d1.-r1.f2.-r1.-d2.d1.-f0.-r0.-f1.-f0.r2.d2.-f2.-r2.-f2.r1.d0.-r1.-r0.-f0.-d2.-f0.d2.f0
444,f0.d2.-f1.-r1.r0.-d1.r0.-d2.-d2.r2.f1.f1.d0.d0.-f1.d2.-r2.-d2.-f2.f1.r2.f0.-r1.-f0.-r2.r1
445,-f1.-r1.-f1.r0.f2.-d1.-r0.-d2.r2.r1.-d1.f2.d1.-d0.-f2.-r2.-d0.f0.d0.r2.f2.d0.f0.-d2.-f0
446,-r2.-f0.-r1.-f0.-r0.-d0.r2.f2.-r0.f1.r0.f1.d2.r2.-d1.r0.-d2.r0.r0.d2.-f2.-d2.r0.d2.f2.-f0
447,d2.-r2.-d0.r0.d2.r2.-r1.-f0.-r0.-d2.-d1.r0.f0.d1.-r0.-f0.r0.f1.r1.f1.d2.f2.-d2.-d0.-r2.-d1.d0.f1.f1
448,-d2.-f0.d1.r2.d2.-d1.-r0.f0.r2.d2.-r1.-f2.-d2.r0.r0.d0.r1.-r0.-f2.d0.f2.f0.-r0.-f0.-r2.f2
449,-r0.f1.d2.f1.d0.r0.r0.-d1.-f2.-r0.d0.f0.-d1.-d0.f2.f2.-d2.r1.-d1.f0.r1.-f0.-r1.-r0.-d0.f1.d0
450,d2.-f0.r1.f1.d1.r0.-f2.r0.f1.f1.-d2.-d1.r0.-d0.-f2.r1.d1.-f2.-r2.-d0.-r1.-r0.-d0.f0.r0.-f0
451,f2.r2.-r0.d1.f1.r1.-d2.-r1.f2.-d0.f0.r0.d0.d0.r2.-r1.r0.r0.-f2.-d1.-f1.-d2.-r0.d2.f1.d1.f2
452,-r0.-f0.r0.f1.d2.-f2.d1.-r0.d0.d0.-r0.f0.r1.-f0.-d0.d1.r2.-r1.r0.-d2.-f1.d2.r2.-f1
453,-r0.f1.-d2.d1.f2.-d1.-r0.-d2.r1.r2.-f1.f0.r0.f1.f1.d0.-r0.d2.r0.d1.-d0.-f1.r0.f1.-d1.-f1.-r0.f1.-r0
454,-r2.d2.-f2.-r2.-f2.d1.f0.-r0.d2.-f0.d1.-r0.-f0.-d0.-f0.-r2.d1.r2.-f0.r2.d1.-f0.-r2.f0.r2.-d1.-r2.f0
455,-f0.-d1.r0.-f0.f2.-r1.d2.d2.-f2.r2.-f1.-d1.f1.-d0.r1.-f1.d1.d1.-r0.d2.-r1.-f0.r1.f0.-d2.r0.f2
456,r2.r2.-f2.-r2.r1.-f0.d0.r2.r2.f1.-r1.-f2.-r1.d1.-r2.-d1.r2.-f1.f0.r2.f1.r1.-d1.-r2.d1.-r1
457,d2.-d1.f2.-d2.r2.f1.-r0.-d0.-f2.d0.f0.-d2.-f2.r2.-d1.-r2.d1.-r0.d1.f1.-d1.r0.-f1
458,r0.d2.f2.-d0.r0.f0.d1.r1.-d1.f2.f1.-r2.-d2.f0.d2.f2.d0.f2.f2.r2.-r0.f1.r0.f2.-r0.d0.-f1.r0
459,r2.-d1.-f1.d0.r1.-f0.-r2.-d2.-f0.-r1.-f0.d0.r2.d0.f0.r2.r2.-f0.-r0.d2.-d0.r0.-d0.r1.f0.-r1.-f0.d0.-r0
460,f1.-d0.r2.r2.f2.f2.-d2.-r1.-d1.f2.-r0.f0.-r2.-d2.-f0.-r1.-f2.-r0.-f0.r0.f2.-f1.r1.f0.d2.-f0.-r1.f0.r1.-d2
461,-f1.d2.f1.-d1.r0.-d2.-f2.d0.r1.-f2.-r0.f2.d2.f1.f0.r2.r2.-d0.r2.d2.r1.-d0.-f2.-r2.d0.r2.-r1
462,d0.-r2.f2.-f0.d0.-r0.f0.r2.-r1.-f1.-r0.-f0.-d0.-f2.r2.d2.-r0.f1.f0.d0.f2.-d2.-d0.-r2.d0.f1
463,-d2.f2.f1.r1.r1.f0.-r2.-f0.-r0.f2.-d2.-f0.-r2.-d2.-d0.-r0.f2.f2.d2.-r0.-r0.d2.-f0.-f0.f2.f2.-d2.-r0.-r0.d2.d2.-r0.d1.f1.-d1.-f1.-r0.-d1.r1.d1.-r1
464,-f0.r2.-d2.f1.d1.f1.r2.r1.-f1.d1.f1.r0.-r2.r1.-d2.-d1.r2.d2.-r2.-d2.d0.-r2.-f2.r2.-d2.-d0
465,d2.r2.-d2.r1.-f2.-f1.d1.f0.r2.-f1.-d2.-f0.r2.f0.-d0.-f2.-r1.-f1.r1.f2.-r2.-f1.r2.-f0.-r2.f1.-r1
466,f0.r2.d0.-f0.-d2.-f0.-d1.d0.f1.f1.-r2.f2.-d2.-r2.f0.-r2.r1.-r0.f0.-d0.r2.-f0.-r2.f0.d0.-f0.r2.r0
467,r0.-d0.r2.-f1.d0.-f2.d2.-r2.r0.-d0.f0.d0.-f0.r2.d1.f1.-r0.-f1.d2.r1.-d2.f1.f1.r2.-f1.-r2.-f1
468,d1.-f0.-d0.f0.-d1.d0.-r1.-d2.-r2.-d2.-r0.-f2.d2.r2.-f1.r0.f1.-r2.f2.-r0.-d2.r0.d2.-f2.-d2.r1
469,f2.-d2.r2.-r0.-f2.r1.-d1.-r2.d1.d0.r2.d0.r2.-d2.-f0.r0.d0.-r0.d2.r0.d1.d2.f2.f2.d0.-f0.-d1
470,d2.-r1.d0.-f0.r2.f2.f2.-d0.-r2.-d2.r1.-d0.-r2.d0.r2.-d2.-r0.-d1.-r2.d1.-r1.f2.f0.r2
471,-d0.-r2.-f1.-r1.f2.-r2.d2.-f1.d2.-f1.-r2.d1.-r0.d2.d2.r0.r2.-d1.-r0.-d2.-f2.-d0.f0.d0.-f0
472,-f2.d1.r1.r1.d2.r0.d0.-r1.d0.-r2.-d0.r1.d2.-d0.f0.d0.r1.d1.-r0.-d1.-r1.-d0.-r0.d0
473,r2.f1.d0.-f0.d2.-r2.d2.r2.f2.f0.r2.-d1.r0.f2.-r0.-d0.r0.-d1.d0.f1.-d0.f2.f2.d0.-f1.-d0.r1.-f2.-r1
474,d0.f1.-d2.-f0.-d2.f2.r2.-r1.-d2.r1.-f2.d2.d0.-r2.-d0.-r2.r1.-f1.r2.f2.f1.d2.d0.r2.f1.-r2.-d0.r2.-f1.-r2
475,d0.r1.-d2.r1.f0.d1.f0.-d2.-d1.r0.f2.r0.-d2.-f2.d0.-f1.r0.f1.r2.f1.-r2.-f1.-d0.-r0.d0.f1.-d0.r1.r0
476,d2.f0.r1.-f2.-d1.f0.-d0.r2.f2.f2.r2.d1.d0.-f1.r0.-d2.-r0.d2.d2.f1.f0.r2.-d1.-r2.d1.-r2.-f1.f0
477,-f1.-r2.r0.d0.r2.-f1.-d0.r1.d2.f1.r2.f1.-r2.f2.r2.f1.-f0.-r2.f1.-f0.d2.f2.-d0.-f2.-d2.d0.f1
478,f1.-d2.r2.-r0.-d2.d0.-f2.d1.-d0.f2.-r0.f1.-f0.-d0.-f1.r2.-d2.r0.-d0.-r0.d2.r0.r0.f1.-r0.-f1.r0.r0
479,f1.d0.r0.d2.-f2.-r2.d2.f0.-r1.-d2.-r1.-f0.d1.-f0.-d1.-f2.f0.-r1.-d1.-f2.-f0.-r1.-f0.-r1.f0
480,-r1.d2.r0.d2.d2.-r2.-r0.d1.d2.-r0.f2.r0.d2.-r0.-f1.d0.-r1.f2.-r0.f0.-d2.-d1.r0.-f0
481,-f0.-d1.d0.-r0.d2.-r1.-r0.f2.d2.f2.-d0.r0.d0.-f2.-d0.f1.f1.d1.d0.f2.f2.d2.r1.r1.-d2
482,-d2.r0.r0.-d2.-r2.-f1.-d2.f0.-r0.d0.f1.r2.d2.r0.-f1.r1.-f2.-r1.d1.f2.d2.r2.-f1.-r2.-d2.f1
483,-r0.d1.-f0.d0.r0.-f0.d2.f0.d2.d2.-r2.-d1.-r2.-d0.-f1.r0.-f1.r0.f1.-r0.f2.-r1.-d1.f1.d1.r1.-f2
484,f0.r1.-d1.-r1.d1.f2.f2.d0.-f2.-d0.-d0.-f2.r2.-d0.-r2.-f0.r2.r2.f0.-d0.f0.d0.f2.-f0.d0.f0
485,r2.d2.-f0.-d2.r2.d1.-r0.-d2.-r2.d0.f1.-r1.f2.r2.-f2.-r2.-f2.f0.d2.-d0.-r0.d0.r0.-d2.d0
486,-d0.r2.d1.f2.-r2.-d0.f2.-f0.r0.-d2.f1.-d2.f1.-f0.-r1.-f0.r1.-f1.-f0.-d1.r1.d2.r0.d1.-r0.-f1
487,r2.-f2.-d1.r1.-d2.-r0.-f1.f0.d0.-r2.r0.r0.-d2.r0.-d0.-r0.d0.f2.r0.-f0.-r0.f0.-d2.-f2.d2.-r0.d2
488,-r1.-f0.-d0.-f1.r0.d2.d1.-f1.d1.r2.-d2.-r0.r2.-d2.r1.d2.f2.-r1.d2.r1.-r0.-d2.r2.d2.-r1.-d1
489,-r0.d2.-r1.f0.r2.-d2.f0.-f2.d2.-r1.d2.f2.-r2.-f0.r2.r2.f0.r2.-d0.-r2.f2.d2.r2.-d0.-r2.-d2.d0
490,r2.f2.-d1.r2.d0.r0.f1.d0.-f0.r0.f2.-r1.-f0.r1.-f1.f0.-d0.-f2.d0.f1.r0.-f0.-d1.f0.-r0.f2
491,-d2.r1.d2.r2.f2.r1.f2.d0.-d1.-r1.-d2.f0.-r2.f1.d2.r0.-f1.-d0.-r0.-d2.f2.d2.-f2.r0.d0.-f2.-f0
492,-d2.r2.-f2.-d2.f1.d1.r1.d1.f0.r0.-f0.-d0.-f0.-d0.f2.r0.-d2.-d1.r2.-r1.f0.-r0.-f0.-r2.r1.r0
493,-f2.d2.d2.r0.-f1.d1.r1.d1.d0.-f0.r0.f0.d2.r2.r0.f0.-d0.-f0.-d0.r2.d0.-f2.r2.f2.r2.-d0.-f0
494,-d0.r2.-f0.d0.r0.f0.-d0.-f1.-r1.-d0.r1.r1.-d2.f0.d2.d2.-d1.f0.d1.f1.-f0.r2.f0.-d1.-f0.-r2.-f1.r2
495,-f0.r2.-d1.f0.-d2.-r0.-d1.-f0.-d2.-d2.-f2.-f0.-d1.-d2.f2.f2.-r2.d0.-r1.-r0.-d2.r0.d0.d0.-r0.d2.r2
496,-f2.d2.d2.r2.f0.-r0.d0.-r2.-f2.d1.d2.r2.-f0.r1.d2.r0.-d2.f0.f0.r1.-f0.d2.f0.-d2.-r2.-r0.f2.r0
497,f1.d0.d0.f0.-d0.r0.d2.f0.r0.-d2.f0.r2.r0.-d2.-r0.d1.r0.-f1.-d0.-r0.d0.f1.-d0.r1.d0
498,-f2.-d2.-r0.-r0.d0.-f0.-f0.-r0.d2.d2.r0.-f0.-r0.r2.f2.f2.-d2.r2.r2.d2.-d0.-d0.-f0.-f0.d2.-r0.-r0.d2.r1.r1.f1.r1.-f1.r1
499,r2.r2.-f0.-d2.r2.d0.r1.d1.d1.r1.-d2.-r2.d1.f2.-d2.r1.f1.f0.f0.-r1.-d2.-f2.d0.r0.f1.-r0.-d0.f2.d2
500,-f2.r2.d2.-f0.r1.f1.-f2.d0.-r2.-f0.d1.f0.-r1.-r2.d0.f2.-d0.f2.r2.f0.-r2.f2.f0.-d0.f2.-f0
501,f0.d0.-f0.r0.d0.r1.-d1.f1.r0.f0.-r0.-f2.-d2.f1.-d1.r0.f2.-r0.-d1.r2.d1.-f2.d1.f2.r0.-f1.-r0
502,d1.-r2.-d2.d0.-f0.-d2.d0.-f2.-r1.-f0.-r0.-f2.r2.r2.r0.f0.-r0.f0.-d0.-r1.-d0.r1.d0.-f0.r0.f0
503,d0.r0.f0.d2.-f0.r0.-f0.-d2.f2.f2.d1.r1.d2.r0.f2.f2.-d0.r2.r2.d1.f2.d0.-f2.-d1.d0.r1.r0
504,-f1.-d2.f0.d0.-f1.d0.-f1.-r0.-d0.r0.f2.-f1.-r2.d2.-r2.-d2.-f1.-r1.f2.r1.-f0.-r1.-f2.f1.f0.-d1.f2.-f0
505,-f2.r0.-d1.r0.f0.-r2.r0.-d0.r0.d1.-d0.f1.-r0.-f1.r0.f1.-d1.r0.-d2.f1.-d1.f2.d1.-f1.d2
506,-d2.d1.r0.f1.r2.r0.f0.-r0.-d0.f0.r2.f1.r1.-f0.r0.d2.-r0.-f1.-d2.-r0.d2.f2.d1.d0.-f2.f0.r0.f2.-d1.-f2.-r0.f2
507,-d2.f1.d0.-f0.-d0.-r0.d2.-r0.d2.-d1.r2.-d0.r2.-f2.r2.-f0.r2.-f1.r0.d1.-r2.-d1.-r0.-d2.-r1
508,d2.f0.r0.f0.-d0.-f2.d1.r1.-r0.f1.-d2.-r2.-d2.r2.f0.d0.-r2.-f0.r2.-d2.f2.d2.-f0.-d2.-f2.d2
509,-r0.f1.-r0.-d0.-r0.-r0.d2.d2.-r1.f2.-r2.r1.d1.-r2.d0.r0.-d2.f0.r1.-f0.-r1.d2.-r0
510,r0.r0.f2.r2.-f1.f0.-d1.r2.-d2.-d0.-f0.-r1.-r0.-d2.-f2.-f0.d1.-r0.f0.d0.f0.-d1.-f0.d0.d0.f0
511,r1.-d0.r0.r0.-d0.-r2.f0.r2.f1.f0.r0.d0.-r1.d0.-r1.-f1.r0.f1.-r1.-f0.r1.f2.r0.-f2.-r1.f2.-r0.f0.f0
512,-f2.-f0.-r0.d2.-d1.r0.-f2.-d2.-r2.d2.f2.-d2.r2.-f2.d2.f2.f2.-r1.-f2.r1.-f2.d2.-f2.-r2.-f2.r2.d2.f2
513,-r1.-d2.r1.-r0.-d0.f0.d2.d2.r2.f1.r1.-f1.f0.-d0.-r1.-d1.-r0.f2.d1.-f2.r2.-f2.d1.f2.-r2.f0.-r0
514,-f2.r2.f2.-r0.d2.f1.d1.r2.d2.-r1.f2.-r2.-d1.-f0.-d2.-f1.r2.f2.-r1.f0.r1.-f0.-r0.f0.-r1.-f0
515,d2.-f0.r1.-d1.r2.d0.f1.-f0.-d2.d0.r0.-f1.d2.-f0.-d2.f1.f0.-d2.-r2.d2.f2.-f0.d2.f0.-r2.-f2.-d2.r2.-r1
516,d2.r0.-f2.f0.r2.d0.-r0.-f0.-d2.-r2.f1.-r1.d2.f1.r0.-d2.-r0.f2.-r2.d1.f2.r1.f0.-r1.-f2.-f0.r2.f0
517,-d1.-r0.d2.r2.-f1.d0.r1.-f2.-r2.d1.-f2.-d2.r2.-r0.d2.r1.-f2.d2.f2.r0.-f2.-d2.r0.-f0.-r0.f2.f0
518,d0.d0.r0.-f1.-r1.d1.d0.-f2.d0.-f2.r2.-d2.f0.-r2.-d2.r2.f2.-r0.-f2.-f0.-r1.d0.r1.f2.-f1.d0.-r1.-d0.r1.-f2
519,-d0.-r1.f0.d2.f2.-r0.d2.f2.r0.-d0.r0.d0.f2.f2.-d2.r1.d2.-f2.d2.f1.d2.f1.r1.-d1.-f1.-d2.-d0
520,-d0.-r1.d1.-r2.r1.r1.f0.f0.r1.-d0.-f0.-d0.f0.-f2.-d0.r2.-d0.r0.d0.-f0.r2.-d0.f0.-r0.-f0.r2
521,-d0.-f2.-d1.-r1.-f2.d2.-r2.-f2.d1.f2.-f1.r2.f0.-r2.-f0.r2.-f0.d2.d2.-d0.f2.d2.-f2.d2.d0.r0.-d0.-f0.d0.-r0.-d0
522,-d2.f1.f1.d1.-f0.-f0.d2.d2.-f2.d2.-d0.-d0.-r2.f2.f2.d0.-f0.-f0.r2.f2.-d2.f2.f2.-d2.-d0.-r0.-r0.-f0.-f0.-d0.-r2.-d1.r1.d1.r2.-r1.-f1.-r1.f1.r1
523,-r0.f2.d0.-r2.-d0.f2.d2.-d0.-r0.-f2.f1.-r2.-f0.-r0.-d1.r1.r0.-f1.-r0.-d1.r2.d1.r0.d2.f1
524,-r2.f2.-f0.r1.f2.-r2.d1.d0.-f1.-r1.f0.r0.-f0.-r2.r0.-d2.-f0.-d2.r2.-d2.f0.-r1.-d2.r0.d2.r1
525,-d0.f0.f1.d2.-d0.-d0.f2.r0.f2.r0.-d2.f0.-f2.-d0.-r0.-r2.f2.f2.d2.-r0.-r0.-d0.-r0.-r0.d2.r2.r2.-d2.d0.r2.r2.-f1.-d1.f1.r1.d1.f1.-r1.-f1
526,f1.d1.-r1.d2.-f2.f1.r0.f0.r2.-f2.r2.f1.d0.-f0.r0.f0.d2.r1.f0.-d2.-f0.-r0.d2.-r2.-r1.f2.-r1.-f2.r2.f2.r1.-f2
527,r1.f2.-f0.-r2.-d0.-r2.-f0.f2.d1.-d0.f0.d2.-r2.d1.-r2.-r2.-d1.r2.f1.r2.r2.-r0.d1.f1.-d1.r0.d1
528,-d1.-f1.d1.f2.d0.f2.-d1.-r2.d0.r0.-r1.-d1.d2.r1.r2.-f1.r0.-d1.f1.-r2.f2.r2.-f1.-r2.f2.f2
529,f2.-r2.d2.d2.r2.r2.-f1.-d2.f0.-d2.f0.r2.-d0.r0.f2.r0.-f1.r2.f0.-r2.-r0.-d1.r0.d1.-r0.-d2.f1.d2.-f1
530,-d1.f2.-d2.-d1.f1.r2.r1.f1.-f0.r0.-f1.-r0.d0.-f0.d2.-d0.-r2.d2.r2.r0.-d2.f0.-d0.-f0.d2.d2.f0.d0.-f0.-d2
531,d1.-r2.d2.r0.-f0.-r1.-f1.-r1.-f2.f1.r0.r0.d1.-d0.-r0.d0.r0.-d1.f0.r0.d0.d0.-r0.-d0.f2
532,f1.-r0.-d0.f1.-r1.f2.d1.-f0.d1.d0.-f1.f0.d0.-f2.f0.-d1.-f2.-d0.f2.d1.-r2.d1.r2.d0.-r2.-d1.-f2.r2
533,r1.-d2.d0.-r1.r0.-f2.-r0.f0.-d1.d0.f2.-d0.-f0.r2.-d0.r0.r0.-d0.r1.d0.-r0
534,r2.f0.-d2.-r0.-d1.-r0.d2.f1.r1.f0.-r1.f1.f1.-r0.d2.f0.d1.d1.-f0.-d0.-f2.d0.-f1.-r1
535,d2.-r2.d2.-f0.d1.f2.-f0.-d0.r0.d2.r2.-d2.r2.-d2.-f2.d2.f1.d0.r0.f0.-f1.-d2.-f0.d2.f1.-r0.f0
536,d0.-r0.-d0.r1.-f0.d0.r2.f1.d2.f0.-r2.-d2.r1.d0.-f0.-d0.-f1.-d1.f1.f1.-d2.-r2.d2.d0.f2.-d0
537,r2.f2.-f1.-r0.d2.f2.r0.-f2.f0.-r0.f2.-r2.-r0.-f2.-d0.f2.r0.d2.-f0.-r0.f0.d0.-r2.d0.r2.-f0.-r2.-d0.r2
538,f0.f1.d1.d1.f0.-r0.-r0.f2.f2.r2.d0.r2.r2.-f0.-f0.-r0.-f0.-d0.-r2.f2.f2.d0.-f0.-f0.-d2.r2.r2.d0.r2.r2.-r0.d1.f1.-d1.-f1.r0.-r1.-f1.r1.f1
539,f2.f2.-d2.d1.r2.-d1.-r1.d2.-f2.d2.r1.r0.-f2.r1.d0.r0.r2.-f0.r1.f2.d2.d2.-f2.-d2.f2.-d2.-r2
540,-d2.r2.f2.f2.-d0.-d0.f0.-r2.f2.f2.-r2.-f2.-r0.f0.d2.d0.-r0.-r0.-d2.-r0.-r0.-f0.-f0.d0.f2.f2.r2.r2.-f1.f2.-r1.f1.r1.-f2.d0.-f1.r1.f1.-r1.-d0
541,-f1.d2.r0.f2.-d0.-d0.r0.d0.r1.-f1.f0.-r1.-f2.-d1.r2.d0.-f1.d2.-f0.r1.f1.-r1.f0.d1.f2
542,-r1.r0.d1.f2.-f1.-r0.f0.-d0.f0.d1.f2.-d1.-r1.-d0.r1.-d2.-f0.-d0.-r2.d0.r2.-d0.f0.-r2.f0.f0.r2.-f0
543,-d0.f2.r0.-f0.-r1.-d2.f2.-r2.-f0.-f1.-r1.-r1.d0.-r0.d1.d2.-f2.d0.r1.f0.-r1.d2.f0.r0.-f1.-r0.-f0
544,-d0.-r2.-d2.-f2.r2.f0.r2.f1.-d0.-f0.d1.-r1.-f0.-d1.r1.d1.-f1.-d1.f0.d1.-r0.f1.-r2.-f1.r0.f2
545,d0.-r0.-d1.-r2.d1.-f1.f0.r1.d2.f2.d0.d0.f0.r0.-f2.r2.d1.r2.r2.f2.d0.r0.f2.-r1.-r0.f1.r1.f2.-r1.-f1.r1
546,-d0.f2.r2.-r1.-f1.d2.-f2.-r1.-d1.r2.-f2.-f0.-f0.r2.f2.d0.-f2.-r2.-f1.-r1.f1.-d2.-f0.r1
547,-d2.r0.-f1.r0.d2.-d0.-f1.-r0.d1.r2.-f0.d2.-r0.-d0.-r0.f0.-d2.-f0.-d1.-f1.-r0.f2.-r0.d1.r0.-d1.f1
548,-f1.d0.-f0.r0.r0.-d2.r2.f1.-d2.r0.-d1.r1.-d2.r2.-d1.-f1.-r1.d1.-r2.-d1.f2.d1.-f2.-r0
549,-d0.d2.-f0.-f0.r2.r2.-d2.-f0.r0.f2.f2.r2.d2.r0.-f0.-d0.-d0.r2.r2.d0.-r0.-r0.d0.r2.r2.-d0.-r0.-r0.f2.f2.-r1.-d0.-d2.-f1.d2.r1.f1.-r1.-f1
550,f2.-f0.-d1.-r0.-d2.-f1.-r2.f0.-r0.-d2.-f0.-d0.r2.d2.r2.-f1.d2.d2.f2.-d2.-f2.d2.d2.f1
551,f1.d1.r0.d2.r2.-f0.-d2.f2.-d1.-f0.-d0.-f0.d1.f0.-r2.r0.-f0.-r0.-r0.-f2.d0.-r2.-f0.-d0.f0.r2.-f0.d0.f2
552,-r2.f1.d2.d2.f0.-r0.-f0.d0.-r2.f2.-d2.-d0.-d0.-f2.-d0.-d0.f0.d2.-r0.-r0.f2.f2.-d0.-r0.-r0.-f0.-f0.-d2.f2.f2.-r1.r0.-f1.r1.f1.-r0.d1.f1.-d1.-f1
553,r2.-r1.-f1.-d2.r0.-r2.-f1.-r2.f0.r2.-d2.-r0.-f1.d2.-r0.-f0.d1.f0.r0.-d2.-r0.-f2.d0.f2.-d0
554,d1.-r2.d2.-f2.d0.f1.f1.-d2.-f1.-r0.f1.r0.f2.-d1.-f1.d1.-f2.d0.-f2.f1.f0.-r0
555,-r2.-d2.d1.d1.-r1.-d1.-r1.-d2.d1.f0.-d1.r0.-f2.-d1.r2.-d0.f1.d0.r0.-f1.-r2
556,-r2.d0.r1.r1.-f2.f0.-d2.d1.r2.-r1.-d1.-f0.r2.d2.-f0.-f0.-d0.-r0.f0.r0.d2.d2.-f1.d2
557,-d2.-f0.-d0.-r1.d2.-f2.-d1.-r2.d2.-r0.-r0.f2.d2.r2.-d2.-f2.-d1.r2.-r1.d1.r1.-d0.-r1.d2.-d1.d0.f1
558,r1.d0.-f0.-r1.f0.r0.f2.-d0.r2.d0.-r2.-f0.r2.d2.d1.-d0.-r0.r2.d2.-r0.f0.-r2.f1.-f0.-r1.-f2.r1.-f1
559,f0.r2.f0.d1.-r2.r1.-f0.r0.-d0.f1.f1.r2.f1.r1.d2.f2.r2.f2.d2.-r1.-d2.f0.d0.-f2.-f0
560,r1.f2.-d1.f0.-d0.r1.r1.-d1.f2.f0.-d0.f0.-r2.-d0.-f2.d0.-f2.-f2.r0.r0.-f2.f0.-d0.f2.d0.-f1.-d0.-f2.d0.f1
561,d0.f2.-f1.-r2.d2.-f0.r1.d0.f2.-f1.d2.f1.-r2.-r0.f0.-r1.-f0.-r1.-f2.d0.r2.f2.-r2.-f2.-d0.f2.d0
562,-f0.-d1.-r0.-f2.-d2.-r0.f0.-r2.d0.-f1.r2.d2.d2.d0.-r0.d2.f0.-d2.-f0.r1.-f1.-d0.f1.-d0.-r1.d0.r1.d0
563,-d2.f2.r1.-d1.-r0.-f0.d2.f0.-r2.f2.r0.-f2.-r1.-r0.d2.-d1.r1.-f0.-r1.-d2.f2.f0.f0.-r2.-f2.-d2.f2.r2.-f2
564,d0.f0.-r2.d1.f2.-f1.r2.-f2.-r2.-f1.f2.f0.d1.-r2.d0.-r1.d0.d0.-f0.-r2.f0.f0.r2.-f0.r2.d0
565,-f2.d0.r2.-r1.f2.d0.f1.d1.r0.-d1.f2.f0.d2.f0.-r2.d0.-r2.-d0.f2.f0.r0.f0.-r0
566,r2.d0.f2.-r2.f1.-r2.r0.-d2.r2.f1.-d1.f0.f0.r1.-d2.r1.d2.-f0.-d1.-r0.f1.r0.d1.d0.-f0.r1
567,-f1.r0.r0.-d2.-r2.d1.r1.r1.-f2.r2.-f2.f0.d2.d1.f1.r2.f2.r1.-f2.d0.r0.d1.-r0.-d2.f2.d2.r1.r2.-d2.f1.d2.-r2.-d2
568,d1.-f0.d0.f2.r2.r2.-r0.d1.f0.-r2.d1.d2.d1.r2.-f2.-d2.-r2.f2.-r1.f2.r1.-f2.-d1.f2
569,r2.f0.-d2.-r2.-d0.f0.r0.r0.f2.-r1.-f1.-f0.-d2.-f2.d0.f2.d2.-r2.f2.r2.-d2.r2.d2.-r2.-d0.f2.-f1
570,f1.-d2.-f0.d0.d0.-f2.r0.f1.f2.-r2.d2.r2.f2.f1.f2.-d2.-f2.d2.-r0.f0.d0.f2.f0.r1.f0.-r1.f0.f0
571,-f0.d2.f2.d0.-r2.f1.-d2.f1.-r1.-f0.-r2.-d0.-f0.-r2.f0.r2.-r0.d1.-r2.-f1.d2.r2.d2.-r2.f1
572,d2.f2.d0.r2.f1.-r1.-d2.-f2.-r0.d2.r0.-f0.d2.-r1.-d2.-d0.f1.d0.-f2.-d2.-r2.d2.f2.-r0.-d1.r0
573,d1.r1.f1.-d0.f2.d1.-d0.r2.-d2.r2.d0.f1.r0.-f1.d0.-r0.-d0.-f0.-r1.f2.r1.-f2.-d1.-f2.d1.f2.f0.r0.-f0
574,-r0.d2.r0.r2.r2.-f0.-r0.-d0.f2.r2.-f2.-d0.-d0.f0.d0.-r0.-r0.f2.f2.d0.r2.r2.d2.f2.f2.r2.r2.-d2.-f0.-f0.f2.-r1.-f1.r1.-f2.f1.f1.d1.-f1.-d1
575,f1.f1.d1.r2.f2.-f0.r1.d2.r2.-d0.r0.-f2.-f0.d0.r2.d0.-r2.-d0.-r2.-d0.f0.r0.d0.d0.-r0.-f0.d0.-r2.f0
576,-d2.-r0.-r0.f0.-d0.-r0.-r0.f2.d0.r0.r2.-d2.f0.-d2.-d0.-f0.-f0.r2.r2.-d2.d0.-f0.-f0.-d0.-f0.-f0.-d1.r1.d1.-r1
577,r2.-d2.f0.-r2.f1.-r2.-d1.f1.d0.r1.d0.f0.d2.f2.f2.-d2.f2.r0.f1.-r0.d2.d1.-r2.-d1.r2.-d2.-r2.d1.r2
578,-r0.-f1.-d0.r0.-f2.d2.-d0.-f2.-d2.-r0.d0.-f1.-r1.-r0.-f0.-f0.d0.f0.f0.d2.d0.r0.d0.f2.r0.-f2.-r0.-d0.-r2.-r0
579,-f1.-d2.-r1.f1.-r1.f2.-r0.-d2.r2.-f2.f0.r0.f1.-r0.f2.-f1.d2.-d0.r2.-d0.-f0.-r2.f0.d0.d0
580,r1.f2.-f0.r0.d2.-f2.d0.d0.-f2.r2.d2.r0.d1.f2.-r1.d0.r0.-f2.-r0.d2.f2.-d0.-f2.d1.f2.-d1
581,-f0.-r2.-f2.f1.r1.-f2.d0.-r0.r2.-f2.-d0.r2.f0.r0.d0.-f2.d0.-r0.d0.r0.f0.-r1.-f2.-r2.d0.r2.f2.r1.-f2
582,f2.r0.-d0.r1.d2.-r2.-d2.d1.f1.-r2.d2.f1.-d0.f2.d0.-f1.d0.f0.-d0.-f2.-d1.-r0.d1.r0.-f2.-f0.-r0.f0.r0.f0
583,d1.f2.r2.-r1.-d1.-f1.d0.f2.d0.-r0.-f2.-r0.d2.-r0.f2.-f0.-d0.-r0.-f2.d1.f2.-d2.-f2.-d1.f2.-r2.d2
584,-d0.-f0.-d0.r0.-f2.-d1.d0.-r0.-f2.f1.d2.r0.-d0.f2.-r0.-f0.-f1.-d1.r2.d0.d1.-f2.-d1.-r2.d1.-r2
585,f0.d0.r2.r2.d0.-f0.r0.d1.f2.-d0.-r2.-r0.f2.-r2.r0.d0.-r0.r2.-d0.r2.d0.-r0.-d2.-d0.-f2.-r2.-f0
586,-f2.-r2.-d1.-d0.-f1.-d1.-f1.r0.d0.r1.-f2.-d1.r2.r2.d2.-f2.d2.f2.r2.-r1.-d2.r1.-f2.-r2.d2.r2.f2.r1.f0.-r1
587,-f0.d2.-r2.f1.-r0.d1.-f2.-r1.-f1.d2.-r2.r0.-f2.-r0.-d0.-r2.-f0.-r2.f0.r2.-d2.r2.f2.f0.-d0.f0.d0.f0.f0
588,d2.-r1.f0.r2.-d1.-f1.r0.-d1.r0.f2.f0.d2.f1.-d2.f2.d2.r0.-d1.-d0.-r0.-d2.-r2.-f0.r1.f0.r2.-f0.-r1.f2.f0
589,-d0.-f0.d1.-f1.-r2.d1.-f0.-r1.-r2.-f1.d0.-f0.-d2.-d0.-f2.d0.-f0.r0.-d0.-r0.-f1.r0.f2.-r0.f1.f1.-r1.f2.r1.-f1.r0
590,f0.r0.-d2.r2.f2.-r2.-f0.d1.-d0.-r0.-d0.-r0.-f2.-r2.f2.-d0.f2.d0.-f2.f0.-d2.-r1.d2.-f1.-f0.r0
591,r2.-f2.d0.-r1.f1.-r1.-f0.f2.-d0.d2.-f2.-r2.f2.-d2.r0.r0.-f2.d0.f1.-r0.-f1.r0.-f2.-d1.f0.d1.f2
592,-d2.f1.f1.d1.d2.-r2.-f2.r2.d0.r0.f2.f2.r0.-d0.-d0.f0.r2.-f0.-f0.-r0.-r0.d0.f2.f2.-d0.f2.f2.r2.r2.d0.f1.-f2.r1.-f1.-r1.f2.-d1.-r1.d1.r1
593,f2.-r2.-d2.f1.r1.-d2.d1.f2.r2.r0.-d2.f2.r2.-d2.-f2.d2.r2.r2.-d2.-r0.-d2.-f2.r0.f2.-d2.-r2.d2.r2.f0
594,-r0.-f2.-r0.d2.r0.-f2.-d1.f1.-r1.-d1.f2.-d2.r1.d2.f2.r2.d2.-r2.r0.-d2.r1.d2.r2.-f2.-r0.f2
595,-d2.r1.d0.-r2.f2.-r1.-f2.d2.-d1.f0.-d0.f0.r0.f0.r0.r0.-f2.-d0.f2.r0.r0.-f0.r2.-f0.-r2.f0.-r2
596,d1.f0.r1.r1.d2.f1.-r2.f2.-r1.-r2.-f2.d2.r0.r0.d2.d2.-f2.r0.-f2.-r2.-f2.r2.-r0.-d0
597,-f0.r0.d2.r2.-f2.-r0.-r0.f0.-d2.f0.-d2.-f2.-r0.-r2.f2.f2.r2.r2.d0.-r0.-r0.-d0.-d0.-f0.-f0.d2.f2.f2.-d2.f2.f2.r1.-r2.-f1.-r1.f1.r2
598,r0.d2.-f2.-r2.-d0.-r2.-f0.r0.d2.f0.-r0.-r0.f0.-d2.-r0.-r0.f2.f2.r2.r2.d2.f2.f2.d2.d2.-f0.-f0.d0.f2.f1.-d1.-f1.d1.f2.-f1.-d1.f1.d1
599,-f2.-r2.f2.r2.-f2.-r2.f0.r1.r1.d2.f2.-f1.d1.d1.r0.d1.f1.-r1.-f1.d0.-f0.-d0.f1.r1.-r0
600,-d0.-r2.-d1.r1.-f2.-r2.-d2.d0.-f1.-r0.f1.-r1.-r0.d1.r0.-f0.-d1.r1.r1.-f1.d0.f1.-d0.r1
601,r1.-d0.-f0.-d1.f2.-r0.-f1.d0.d0.-r1.-f0.r1.-f2.d0.-d2.-r0.-d0.r0.f2.-d0.-f2.-d1.-f2.-f0.-r1.f0.d0
602,r2.f2.-r0.f1.d0.r0.f2.d2.-f0.-d2.d0.r0.-d2.-r0.-d2.f2.d2.-d0.-r0.-f0.r0.-d0.f0.-d2.f2.r0
603,-r1.d2.f2.r1.-d1.-f1.r0.-f0.d1.d1.-d0.f2.-d0.-f2.r0.f2.f2.-r1.-f2.d2.f2.r2.-f2.-d2.f2.-f0.-r0
604,-r2.-f0.-r2.r0.d0.-r0.-f1.d2.f2.d2.-f2.-d2.f0.d1.-f0.r1.d0.-d1.f2.d1.r2.d0.-f2.r0
605,-d1.-r1.r0.-f0.d0.r2.d1.r2.-r0.-d0.f2.-d1.f2.f0.r1.d2.-r1.f2.-f0.-d0.r2.-d1.r0.d1.-r2.-d1.-r0
606,-f0.-r1.r0.-d0.-r1.-f2.f0.-d2.-f2.f1.-d2.-f1.-d2.f1.d1.-f0.r1.f0.f1.-d1.f1.f1.d1.r1.f1.f0
607,-r2.-d0.-f2.-d0.f1.d0.r0.d1.-f1.f0.-d0.f1.r2.-f2.-d0.-r0.-r1.d0.d0.-r2.d1.-d0.-r2.-f1.r2.f1.f0
608,-d2.-f0.-r2.d2.-r2.-f0.-d2.-f2.-d1.r2.f1.d2.-r2.d1.d1.r2.-d0.r1.d0.r0.-f1.d2.-f2.d1.f2.-d1
609,-d0.-r2.f1.f1.r1.-f0.-d2.f0.-d0.-d0.f0.f2.r2.-d0.r2.-d0.r0.-d2.r2.r2.f2.f2.-d2.r2.r2.f2.f2.d0.-f0.-f0.f2.f2.-d2.d1.r1.-f1.-d1.f1.f1.-r1.-f1
610,-f0.-d1.d0.d0.-r2.r1.f2.-d2.-r0.d0.r0.-f0.r1.r0.f0.-d2.r2.-f0.d0.r1.f1.-r1.-f1.d2.f1.-r0.d1.r0
611,d2.-f1.-d0.-f2.-d0.r2.-f1.f0.-r1.-f2.-f0.-d0.-f2.-r2.-f1.-r0.-f2.d2.f2.-r0.-f2.r0.-f2.-d0.f1.f0.-r2
612,r0.-f0.d1.f0.-r0.d0.r0.r0.d2.r0.-f0.-r0.d2.-r1.-d1.-d0.f0.f0.r2.f0.-r2.f0.-d2.d0
613,f2.r0.d2.-f0.d0.f2.r0.-r2.d0.r2.d2.d2.-f0.r0.d2.f2.f2.d2.f2.f2.d2.-f0.-f0.-d0.-r0.-r0.-d0.-r0.-r0.f1.-f2.-r1.-f1.r1.f2.-r1.f1.r1.-f1
614,-d0.r2.d2.f2.r1.-f1.d0.r2.f1.d1.-f0.d2.-d0.-r0.-f1.d0.-f2.r0.f1.-r0.-f0.d0.r0.f0
615,r0.-f0.-r2.d1.r0.f1.-f0.r2.-f2.-d2.-r2.d2.-d1.-r1.d1.-f0.-f1.-r1.-f0.r1.f1.r1.f0.d1.-f0.-r1.-d1
616,-r0.-d1.-f2.-d0.-f2.d2.-r1.-d1.-f0.d2.r0.d1.-f1.-d2.-r2.-f2.r2.-r1.d1.r1.f1.-d1.-d0.-r1.f2.-d2.f1.d2
617,-r2.d2.-r2.-f2.-r0.f1.d1.f1.d1.-r0.d1.d0.f2.r2.-f0.r2.-d0.r2.-r0.f0.-r2.d0.-r2.-d0.f0.r0.f0
618,f2.-d0.f2.-r1.-d2.-r2.r0.-f2.f0.-d2.-r1.-f2.-r2.d2.f0.r0.-d2.r2.d2.d2.-r0.-d2.f1.d2.-f1.-r2.-f0.r2
619,d1.-r1.-d2.-f0.-r2.f1.-d1.-r1.f2.-d1.d0.f2.r0.-d2.-f2.-r0.-d0.f0.-r2.f2.r1.-f2.r2.r0.-f1.-r0.-f0
620,d1.-f2.-r2.d2.d2.-f1.d2.-d1.-d0.-f2.r0.-f2.-d2.f2.-r2.f0.-r2.f1.-d1.f0.d0.-f0.d1.r2.-d0.-r2.d0.-f0
621,f2.r0.d0.-r0.d0.-f1.-r2.-d0.-d1.-f2.-r1.-f1.-d2.-r2.f0.d0.f1.-d2.-d0.f2.f2.-r2.d2.r1.-d2.r2.-f2
622,d2.-r1.-f1.r0.-d2.-r0.-d0.d1.r1.-d0.-r0.-r0.d1.-d0.f2.-d1.d0.r0.d1.-r0.-d0.f2.d2.r0.-d2.-f2.-r0.d0
623,f0.-r1.r0.-d2.-r0.-d2.d0.-r0.-d2.-d1.f2.d2.r0.-d2.r0.-f0.d0.d1.f0.-r2.f0.f1.-d0.r1.-f0.-r1.-d2.-r1.d2
624,-f1.r2.d0.f2.-f0.-d1.-f2.r0.d1.-f1.-f2.-d1.-d2.r2.r2.-d2.-r0.-d1.r0.d2.-r2.d2.d2.r2.-f2.-r2.-d2.r0
625,d2.f1.d1.-f2.-d2.-r0.-f0.d0.r2.-d0.r1.f2.-d2.f2.r0.-d2.-f2.-r0.-d0.f2.d0.-f1.d2.f1.-r1
626,-r0.-d2.-r2.-f1.-r2.r1.-d2.-r2.f1.f1.d1.f2.-d1.f0.-d2.f0.d2.r0.-f0.-r2.-f1.r2.-f2.f0
627,d0.f1.f1.d1.-r0.-d0.-d0.-f0.-d1.r0.r0.-f2.d1.f0.-d0.-f0.-f0.d2.-f0.-f0.-d2.r2.r2.d2.-f0.-f0.r2.r2.d0.-f0.r1.d1.-r1.-d1.f0.-f1.-d1.f1.d1
628,d2.-f2.-d1.-r0.d2.r0.-f2.d0.-f0.-r1.-r0.d2.d2.-r2.-d2.r2.-f2.-r2.-d1.r2.-f1.-r1.r0.-d1.r1.-r0
629,-r0.d0.-r1.-d0.f0.r2.-r1.-d0.f2.-d1.r2.d2.f0.-r0.-f0.-f0.d2.-r2.-d2.-f2.-r0.d1.f2.-r0.-f2.-d1.r1
630,-r2.-f2.d2.f2.-r2.f0.f0.d2.-f2.d0.f1.f1.d1.f1.r2.-f1.-r2.f1.-r2.-f1.r2.f0.-d1.-f0.d1.d0.-r2.f0
631,-f2.d0.r2.d1.f0.d0.f0.-d2.r1.-f1.r1.r1.-f2.r2.r2.-r1.f2.-r2.-f2.r1.-f0.r0.-f0.-d0.-f0.d0.-f1.f0.f0
632,-d2.f0.-r0.-d2.r1.d1.f1.-d1.-f0.-f0.d1.-f2.d2.r2.r0.-d0.f0.r0.d0.r0.-f2.r0.r0.-f0.r0.f2.-r0.f0
633,f1.-d2.r1.-d2.f0.-d1.-r0.f1.r2.d1.d1.-r2.f0.r2.d0.r0.d0.r0.f2.f0.-r0.d2.r0.r0.-d2.f2.-d2.-f2.d2
634,f2.-d0.-r0.-d2.f2.-f1.d2.r0.-r1.f0.d0.f1.-r0.-d1.-r1.r0.-f1.r1.f2.r0.-f2.-r0
635,f1.-d2.r0.f1.-r2.-d0.r2.d1.f2.-d2.-f2.-d2.r0.-f2.f0.d0.d0.-r2.f0.r2.f1.r0.-f1.-f0.-r0
636,-r2.-d1.-r2.-d1.-r2.-d2.-f2.r2.-d2.-r1.f0.-d2.-r0.f0.d0.f1.r0.-d1.-r0.d1.d1.-r0.-d0.r0.-d1.-r0.d0.r0
637,-d2.-f1.-r0.-f0.r1.-f0.-r0.d1.-d0.-r0.-f1.d1.-r1.f0.d1.-f0.r2.-d1.-f1.r1.d1.-r2.-r0
638,-r0.d0.-r0.-d2.-f0.-d0.-f2.f1.-f2.r0.r1.-d1.r1.-d1.r2.f0.-r2.r1.f1.-d2.r1.d2.r2.-f0.-r2.-d2
639,f2.-d1.f1.-d2.r1.-f0.-r0.-f0.d1.f2.f0.d2.-r0.f2.-d2.d0.r2.d2.-r2.d1.-r1.-d1.-d0.r2.-f2.d1.f2.-d2.-f2.-d1.f2
640,-r0.-f1.r2.-r1.-f2.-d0.r2.-d0.-r2.r1.-d0.r1.d0.d1.-f2.-r1.-f0.r1.f0.-d2.-r1.f2.d2.-f1
641,-d2.r1.-f1.r0.-d2.f0.r2.-d2.r0.-d1.r2.-d2.r0.r0.d2.d2.-r1.f2.r1.-f2.r1.-d1.-d0.-f2.f1
642,d0.-r2.-f0.d2.r2.d0.f2.-r2.-f1.-r2.-f1.r2.-d2.d0.-r1.d2.r1.r0.-f1.-d0.r1.d0.r1.r1
643,-f2.f1.d0.r1.r1.f2.f1.-f0.r1.-d0.-r1.-f2.d2.-r0.d2.d2.-f0.r0.f0.r2.f1.-r2.-d1.-r1.f1.d1.-f1
644,d2.r2.f2.r1.f2.d2.-r1.-f0.-d1.f0.-d0.f2.-d1.r0.-f1.d1.r2.-r0.-f0.-d0.r1.-f0.-f1.-d1.f0.d1.f1.-r1
645,f2.r2.-r1.-f1.-d1.r1.-r0.f0.-r1.r2.-f1.r2.-f2.d1.f2.d2.-r1.r0.d2.-r0.-r0.-d0.-f2.d0.r0.-d2.r1
646,f0.r2.-d0.-r0.d0.-r0.d2.-r0.d0.-f0.-d1.r2.-d2.-r1.-f2.-d1.f2.-r2.f2.-d2.-f1.d1.d1.f1.-d0.-f1.d1.f1
647,-d2.-f2.-r2.-f0.d2.-f2.r0.r0.f2.-d2.r0.f2.-r0.d0.r2.d0.d0.r2.-r1.-d2.r2.d2.r2.r2.d0
648,-f0.r0.-f2.-f0.d0.-r1.-d1.r0.f0.r2.f0.f0.r0.-f2.r2.-r0.-f2.d0.-r2.-d0.f2.d0.-f1.r2
649,f0.d0.r2.f2.-r0.f2.f2.-d2.f0.d0.-f2.-r0.d2.-f0.-r0.-r0.-f0.-f0.-d2.-r0.-r0.-d0.r2.r2.f2.f2.d2.d2.d0.r0.r1.-d1.-r1.d1.-r0.-f1.r1.f1.-r1
650,r2.-f2.r1.-d0.-r0.f0.r1.r1.-f2.f0.-r1.d2.-f0.-d0.-r2.-f1.r2.r0.-f0.r1.f0.-d0.f2.r0.d0.-r2.-r0.-f0
651,f0.r1.-d2.r1.-f0.r2.d2.-f2.r0.r0.-f0.d2.-d0.f2.-f0.r1.f0.r0.r2.f0.d0.-f0.-d2.-f2.-r0
652,d2.f0.-d0.r0.-f2.d0.r2.-d2.-r2.-d0.-f1.-r2.d0.-r1.f0.-d1.-r2.-d2.-f2.r0.-f1.-d0.r1.d0.-r1.f1.-r0.f2
653,r2.d1.-r1.f1.-d2.d1.-r0.-f1.-f0.-r0.r2.-d0.r1.r1.-f2.f0.-r0.-r0.f2.-r0.-f0.-r2.r1.r0.d0.r2.r0
654,r2.r2.d0.r0.-f0.d0.-r0.f2.-d0.f0.-d2.-r2.d0.-r1.-f2.-f1.-r2.-f0.d1.f0.-r0.-d1.-r2.d1.r0.-f0
655,r0.d2.f2.r2.-d1.-f2.r0.-f2.-f2.-d2.d1.d0.r1.-r0.-f1.r0.-f2.-r2.-r0.-f2.r2.f1.-r2.f2.r2.-f2.d0.f2.-d0
656,f0.-d0.f2.f2.r1.-f2.-r0.-f2.f1.r2.-f0.r2.f0.-r0.-f0.-r2.d2.-r2.f2.r2.f0.-r2.-d2.-r1.d2.r0.-d2.r1.d2.f1
657,d0.-r0.-f1.r2.-r0.f2.-f0.-r1.d2.-d0.r2.-d0.f2.f2.-d2.f2.r2.-f2.-r2.-f2.-f2.-d2.d0.r0.d2.-f2.-d2.-r0.d2.f2.f0
658,d0.-f0.r0.r0.d2.-r1.d2.r0.-f0.-r0.f0.-d2.-f0.-d1.-d0.-f2.d0.-f0.-r0.-d2.r0.f0.d2.f2.r2.f0
659,r2.d1.-f1.r2.-r1.f0.r0.r0.-d2.-r0.-f2.r0.-d2.-r1.d2.r1.-d2.-f2.-r1.f2.-d1.r1.d2.-r1.d1.-d0.f1
660,-d2.-r0.f1.-r1.-d2.d0.d1.r2.-f2.r2.-d2.f2.r2.-f0.r0.d0.r0.-d0.f1.r2.-f1.-f1.-r2.f2.r2.f1.r0.r0
661,-d0.-f2.r0.-f1.r2.-d0.f1.d2.-r1.f0.-r0.f0.f0.r0.f0.r0.d1.-f0.-d1.-r1.-r0
662,-r2.d1.r0.-f2.d1.-d0.-f2.-d1.d0.-f2.-d2.-r1.d1.r1.-f0.d1.d1.f0.-d1.-f0.-d1.-f1.-r1.f1.f1.-f0
663,-f2.-r0.d1.-r0.d0.r2.f0.d0.r0.r0.-d1.f1.-r0.d2.-r1.d1.r0.-f2.d1.d1.-f0.d1.d1.-r1.-f0.r1.f0.-d1.r1
664,-r1.d2.-f2.d2.-r2.f0.-d0.-f2.-d0.-r0.-d0.f2.r0.d1.-f2.-r2.-r1.d0.-f0.d0.f0.r0.f2.-r0.-f1.r0.f1.f0
665,f2.r2.-f2.f0.r1.r1.f2.d1.-f2.-d2.f2.d2.d2.-f1.-d0.f1.r0.-d2.-f2.-r0.-d0.f1.r0.-f1.-f0
666,f2.d2.-f1.-d0.r0.d2.-d1.-r2.-f2.-d1.-f0.-d0.f1.f0.r0.-f2.d0.d0.r0.d0.r2.-d0.-r0.d2.d0.f2
667,-d0.f0.r2.d1.-f1.d0.r2.r2.-f0.f2.d1.d0.f0.d2.f1.-r0.-f1.r0.f0.d2.-r2.-d1.r2.-d2.-r2.-r0.-f0
668,-r0.d2.f2.-d0.f1.d2.f0.f0.-d1.f1.-d0.r0.d2.d0.r0.f1.r0.r0.-f0.r0.-f2.-r0.-f1.f0.r0.f2.-r0.f1
669,-r2.d0.r2.-r0.f2.-f1.-r1.-f1.f0.d2.r0.-f1.-d0.-f0.-d1.r1.-f1.d1.f1.f0.f0
670,-r0.-d0.r2.-r1.-f0.f2.-d0.r0.d2.f2.r0.r0.-d0.-r0.-d0.r0.d0.f2.r0.-f2.d2.r0.-d2.r0.d0.r0.-d0.f2.-d0.-r0
671,-r0.-f1.-d0.-r0.-d0.d2.f0.r2.d0.f1.r0.f2.r2.f0.r2.-r1.-d1.d0.-f1.d1.f1.-d0.-f1.-r1.f1
672,f1.-d1.-r0.-d0.-f2.-r1.-f2.d0.r2.-f2.-d2.-f2.-d0.-f2.-d2.-r0.d2.d2.-r0.-d0.f2.d0.r0.-d2.-r2.-f2
673,-d2.-r2.-d2.-f1.-d2.f2.-f1.-r1.f1.-r0.-f0.-d0.r2.f0.d2.-f0.-r0.d0.r0.-d0.r2.-f2.-d2.f2.d2.f2.-r2
674,r0.-f0.f2.-d0.f2.f2.-d0.r2.r2.-f0.-d2.f2.-d2.r0.f0.f2.f2.-d0.-r0.-r0.-f0.-f0.f2.f2.-d0.-f0.-f0.d2.-d0.-d0.f2.-r1.f1.r1.f2.-f1
675,-f1.-d2.r1.-f0.-r2.d2.-r1.-r0.-d2.-d2.-f0.d2.-f0.-d0.-r0.-d0.r0.d2.r0.r0.-d2.-f0.-d2.f0.d1.-f0.d2.f0.-d1
676,-r1.f1.r2.-r0.-f1.d2.-r0.f0.-r1.-d2.r1.d0.r2.-d2.-r2.-d0.-r2.-f0.r2.-f2.-r0.f2.r1.-r0.-f0.-d0.f0.r0.d0.r0
677,f2.r2.d2.r1.f2.d1.-f0.d2.d2.d1.-r2.d2.f1.-d2.f1.d2.r2.-d2.-f0.d1.-d0.-f0.-d0.-f0.d0.f0.r1.d0.-r1
678,-f1.-r0.d2.r0.f1.-d0.-r2.f1.d2.f2.-d2.d0.-r2.-f2.-d2.d1.r0.-d1.-r0.f1.d2.d0.r2.-r1
679,r1.-d0.f0.r1.d1.r0.d2.-r2.f2.f2.-d2.-f1.-d1.-f2.d1.-r0.-f2.f1.d2.-f1.d0.-f2.r1.r0.f2
680,-f2.-d0.-r2.d0.-r0.-f2.f1.d2.f1.d1.r0.-f0.-r0.-d2.-r1.r0.d1.f0.-d1.r1.-f2.-r1.f2.r2.r2.-r0
681,-r2.r0.f2.-f1.-r1.-d2.-d1.-f0.-r1.-f2.-d0.f2.f0.f0.-r2.-d2.-f2.d0.r0.-f0.-d0.f2.d2
682,d0.r0.-f0.-d2.r1.r1.f0.f0.d1.-f1.-r0.d0.r0.f1.r2.r0.f0.d2.r1.-d2.-f0.-r2.f1.-r1.-f1.-r2.-f1.r1.f1.r2
683,r1.-r0.-f1.f0.r2.d0.r2.f2.-d1.f0.r1.r1.-d0.r2.-f0.-d0.-r2.d0.-f1.-r2.-d0.f2.d0.r2.-d0.-f2.d2.d2.d0
684,d0.r2.d0.r1.f1.-r2.f1.-d2.-f2.-r2.-f2.-r0.-d0.-f2.d0.-r2.f2.r0.r0.-f2.d0.r2.-d0.-f1.-d0.f1
685,r1.f2.r0.d1.r0.d2.f0.d1.-r1.f1.d2.-r2.d2.-r2.-f0.r0.d2.-f0.-d2.-r0.-f2.-r0.f2.r0.d2.f0.-d2
686,-r0.d1.r2.-d2.-r0.d0.-r0.f2.-d2.r1.-f1.f0.-d1.-d0.r1.-r0.-d2.-r1.d2.f2.-r2.-d1.r2.d1.-f2.f1.f0.-r1
687,-r1.d0.f0.-d1.r1.-r0.-d2.-r0.f1.d1.r1.d2.-d1.f0.d1.-f0.r1.-d2.f2.f2.d1.d1.r1
688,r2.-f0.-d1.f1.-d2.-r0.-f1.-f2.d1.d1.f0.r2.f2.f2.-d1.-f2.d1.-r2.f2.r1.-r0.f1.d1.-f1.-r1.-f2.f1.-f0
689,d1.-r0.-f0.r2.-f1.-r2.-d2.-d0.r1.f1.d1.f0.r0.-f0.-d2.d0.r0.-d0.-r2.d0.r0.-d0.r2.f2.r0.-f2.r0
690,d2.-r2.-f1.-d0.r0.-d2.r0.-f0.r2.-d0.-r0.f0.d0.-f2.r2.r2.d2.-d0.-r0.-r0.d2.-f0.-f0.f2.f2.r2.r2.-d2.f1.d1.-r1.-d1.r1.-f1.r1.f1.-r1.-f1
691,f2.r2.f1.f1.-r1.-f0.r0.f2.-d2.r2.-d0.-d0.-r0.d2.-f2.r0.r2.r2.d0.f2.f2.d0.-r0.-r0.-d0.r2.r2.d2.-d0.f2.f2.-d1.f1.r1.-f1.d1.f1.-r1.-f1
692,-d1.f2.-d1.-r2.d0.-r2.r1.d0.f2.f2.r1.-d2.r0.-d0.-d0.-r0.-f1.-f0.-r1.-d1.r0.d1.-f2.-d1.-r0.d1.-r2.f1
693,r2.f0.-r1.r0.f1.-d2.d1.r2.-f2.-d2.r2.-f2.-d1.f2.-d2.-r2.-d1.f2.d1.f0.r0.-d2.-f2.d2.-r0
694,f2.d1.f2.-r1.-d2.-d2.-f1.-r1.f1.-r2.d2.r2.-d2.r1.r2.f0.f0.d2.f2.d1.-f2.d0.-f2.r0.-f1.-r0.f2.f2
695,-f1.d0.r0.d2.-f0.-d2.-r0.f0.-r2.f1.-d2.-r0.-d0.-r1.f2.d1.-r1.d2.r0.r0.-d2.r1.d2
696,-r0.d0.-r2.f2.d1.r2.r2.d0.f1.r2.d0.-f0.r2.-d1.-r0.d1.r0.-f2.-d2.-d2.f1.d2.f0.r0.-d2.-r0
697,r2.f1.r2.f2.-f0.d0.-r1.f2.f0.-r2.d1.-r0.f0.d2.-f1.-r0.-d2.r0.f1.-f0.r0.-f2.-r2.-d0.-r0.d0.r2.r0.f2
698,d0.f1.-r2.d1.f0.-d2.-r0.-d0.-r2.-f0.-r2.-f2.r0.-d2.r2.-f0.d2.f0.d1.d1.r1.f1.-r1.r0.-d1.-r0.-f1.-d2.f2.d2.f1.-d2.-f2.d2
699,-d2.-f2.r2.-f0.-d2.f2.-d0.-f1.d2.-d0.r1.r1.f2.r2.d0.-r1.-f1.-d2.f1.-d0.-f1
700,-f2.f1.-r0.d2.r1.-d2.f0.-d0.r2.d0.-r2.-f2.d1.-f1.-r0.f1.-d1.r2.d2.d2.-d0.f1.-r2.-f1.r2.-f1.-d2.f1
701,-d0.f2.-d0.f1.r1.d2.-f0.-r2.f2.f1.-d2.-r2.-r1.d1.-r0.f1.-d0.r0.f1.-d2.-f2.-d0.-r1.d1.d0.d0.-r0
702,-d2.-d1.f0.f0.r1.-d2.r1.d0.f0.r2.f2.-r1.r0.-d1.f0.d1.-r2.-r0.f0.-d2.-f0.d2.d0.r2.r2.-d0.r2.-f0
703,r0.d1.r0.d1.-f2.f1.d0.-r0.f1.-f0.-d2.-d0.-r2.-f2.r2.f2.d0.-f0.-d1.f1.d1.-f2.-d1.-f1.-r2
704,f2.r0.-d2.r1.-d1.-f0.r2.-d0.r2.-f0.-r1.f0.d1.-f0.-r2.f2.d1.-r0.f1.-d2.f1.d2.-f1.r0.f2.-d1.-f2.-d0
705,r0.d2.f0.-r0.-d2.f0.r0.d0.r2.-f0.-r0.d2.-d1.-r0.-f0.-d0.-r0.d0.-f0.-r2.-f2.-r2.d1.r2.f2.r2.f0
706,-r0.-f1.d2.-d1.f1.-r2.-r2.d1.d1.-f1.d1.f0.-d1.r2.f2.-d0.-r1.f2.r1.d0.-r0.-d0.r2.-d2.-r2.d0
707,f1.-d2.f2.-d2.r2.d0.r0.-f1.-r2.-f1.f0.-r2.f1.r2.f0.f0.-r2.d0.r2.-f2.-d2.r2.d2.d2.-r2.-d2.r2.r2.-d0
708,r2.-d0.f2.-d1.r1.r1.-f0.r2.-f0.-r0.f0.-d2.f1.r2.f2.r2.f2.-r2.-d0.-f1.-d0.r2.d0.f1.d0.d0
709,r2.-f1.d2.f0.-d0.r1.f2.-f1.-d0.d2.r0.-f0.r1.-f2.-r1.-f0.d2.r2.-f0.-r2.r1.d2.r2.f0.-d2.-r1.f0
710,f2.r1.d0.d0.r1.r0.f2.-f0.r2.-d1.-d1.f0.-r2.-f0.d0.-d2.r1.d2.-d0.f2.d2.-f2.r2.-f2.r1.f2
711,d0.f1.-r2.f1.r0.d0.f2.-r1.-f0.-r2.-r2.-f1.d2.r0.-d2.r2.d0.-r2.-d1.f1.-r0.-f1.d1.f1.r0.-f1.d1.f1.-r0
712,-r0.-d2.f2.-d1.-f0.-r2.-d0.-r0.-r2.f1.-d0.-f2.r0.-f1.-d2.-f1.-d0.-f1.r1.-f0.-r1.f1.f1.r1
713,r1.f1.f1.-r0.d0.d0.r1.-f0.d0.r1.f0.-d2.f0.d2.-r1.d1.r2.-d0.r0.d0.-r2.-r0.-f1
714,f2.d2.-d1.f0.d0.f2.d0.f2.f2.-r0.-d0.r2.-r0.-f2.-d2.f0.-d2.-f0.-d2.-r1.r0.-f0.d0.f0.r1.-r0
715,r1.d2.-f0.-d2.-f2.d0.r1.d2.-r1.d0.-r0.-d0.f2.-r2.d2.r2.f1.-r2.-d0.f1.-d1.-f0.d1.-f1.r2
716,d0.f1.r2.-d1.-f2.-d2.r2.r1.f0.-r1.f0.-d2.-r0.f2.-f0.d0.-f1.r1.d1.-r2.-d1.r0.f2.-r1.-f1.r1.-f2.r2
717,r0.-f0.r1.d1.-r0.d1.f1.-r2.-f2.d0.f1.-d0.f2.d0.f2.r0.-f0.d2.f0.d2.-f0.d2.d2.f0.d2.-r0.-d0
718,d1.-d0.r2.-r0.-d2.f1.-d2.f2.-d2.d0.f2.f0.f2.-r0.-f0.d0.r1.f2.d2.f1.d2.d2.-f1.d2.-f0.d1.f0.d0.-f0.-d1.f0.-d0
719,-r1.-d1.r2.f2.d2.-d0.r2.-d2.r2.r2.-f0.r0.r0.f2.r1.r1.f0.r1.d0.-r1.-f0.-r1.f1.d2.-f1.-d2.f0
720,-r0.f1.-d2.-f0.-d0.d1.r0.d1.-f1.-d1.-f2.-r0.f2.d2.f2.r0.f0.f0.-r0.f2.-f0.d0.-r2.-d0.r2.f2.f2.-d0
721,d0.-r2.-d1.r1.-f1.-d1.r0.-f2.d0.-f1.r1.f0.-r2.d2.f2.-d2.-r1.-d0.f1.d0.-r0.-f2.d1.r0.d0.f1.-d0.-r0.-d1
722,r1.f1.-r0.f1.-r0.-d0.-f1.r2.r1.f0.-r0.d0.r0.d2.-r0.f0.-r2.r1.-d1.r2.f2.-d2.-f2.d2.-r2.-r0.-f2.r0.f2.-d0
723,-r0.f2.-r2.f2.r2.d1.-f0.r2.-f0.-r1.f0.f0.-d2.-r0.d0.-f2.-d0.r0.r0.-d2.f2.r2.f0.-r2.-f2.d2.d0
724,-r0.d0.r2.-f0.d0.r2.-f0.r0.d0.f2.-r0.-d2.d0.-f0.-d1.-r0.f2.-d2.-f1.-r1.f0.r1.f1.d2.-f2.d0
725,r1.d1.-d0.-r1.-r0.-d2.-r0.d0.f0.-r0.d2.d1.-f1.-d0.f1.r0.f1.r2.-r0.d2.-r0.-d0.-f1.-f0.d0.r0.d0
726,r0.-d0.-f2.-r2.-f2.d2.r0.d0.-r1.f0.r0.d2.-r0.-f0.-d0.r0.d1.-d0.f0.d1.-f0.-d1.f0.r0.-f0.-r0
727,-d2.-r2.-f0.d0.-f1.-d1.r2.-f0.-f1.f2.r0.f2.-r0.-f2.-r0.f0.r2.-f2.r1.f2.f2.-f0.-d0.-f1.d0.-f2.-r2
728,r2.-d1.-r0.f0.r0.-d2.-r2.f0.f0.r1.-r0.-f2.-d2.-r1.-f0.-d2.-f1.d0.f1.d2.r0.f1.-r0.d1.-f1.-r0.f1.-d1.-f1.r0
729,-d0.-r0.-f0.-d2.-f0.r0.f2.-r0.f2.r2.r2.-d2.r2.f2.d2.-r0.-r0.-d0.r2.r2.-d2.-d0.-r0.-r0.d0.-f0.-f0.-r2.-d1.r1.d1.r2.-r1.f0.d1.f1.-d1.-f1.-f0
730,d0.r2.-r0.-f2.-r2.r1.f1.d0.r2.d2.d1.-f2.d0.f1.d0.d0.f0.r0.f1.-r0.-f1.-r0
731,-d0.f2.f2.-r1.d2.f0.-d1.r2.-r0.f2.-d2.-f2.-r1.d2.f2.-d0.f2.d0.-f2.d0.-r1.-f1.r1.f0.-r1.f1.-r0
732,d0.-f1.-f0.-d2.r0.r0.-d0.r2.d0.-r2.-d2.r2.-d0.-r0.-d1.d0.f0.-r0.f2.-d1.f1.d2.-f1.-d2.f0.d2.-f0.d1
733,-f2.-d2.-f2.r2.f0.r1.-d0.-r2.d2.-f2.-r2.d1.f2.r2.-f2.d1.f2.r0.-f2.-d1.-r2.-d0.-r1.d0.r2.-d1.-d0
734,r0.-f0.-d1.-f0.-r2.d0.r2.d0.-r2.f1.-d0.r1.d2.-r1.d0.r1.-d2.r1.d2.f2.f2.-d2.-f2.f0.r1.f2.-r1.-f0
735,-r0.-f2.d0.r1.d1.d1.-f2.-r2.d2.-r2.-d2.r0.d0.f2.-d0.r0.-f2.r0.r0.-f0.-r0.d2.f0.f0.-d2.f0.r0
736,-r1.f1.d2.f2.f2.d0.-r0.-d1.d0.r0.f2.-r1.r0.r0.-f0.-r2.f0.r0.d1.-r2.-d1.-r0.d1.d0.f1.-d0.-f1.d0
737,r0.d2.-f1.-r1.-f2.d1.-r2.f2.-d2.r0.d2.-r2.d0.d0.r2.d0.-r2.f0.-r1.d0.-r2.f0.r2.-d0.r1.r0.f0.r1.-r0
738,r2.f2.f0.-r0.-f2.-d2.f0.d0.-d2.-f0.-d1.r1.r1.d2.d2.r0.r0.-f2.r0.r0.d1.f2.d1.-f0.-d1.-f2.d1.f0.-d1.d0
739,f1.d1.-r2.r0.-f2.d2.-f1.-r2.f0.d2.-r2.-r1.f0.-d2.r0.f1.d1.r1.-d1.f2.-r0.-d1.-f1.d1.f0
740,-f1.r0.d1.-d0.f1.r0.r0.-d0.r1.f0.-d1.f1.-r2.-f1.r2.d2.-r2.d0.r2.d1.r2.r0.-f2.r1.f2.f0
741,d2.-f2.f1.-r1.-d1.-r2.-d0.-f2.-d1.-f1.f0.-r2.f1.-r2.d0.-r0.-d0.-r2.d0.r1.r1.-d0.r2.r2.d0.-r1.r0
742,d1.-f0.-r0.d0.f2.-d0.-r1.-d2.-r0.-d0.r0.-d2.r2.d1.r0.d0.-f0.r2.-d0.r2.f0.-r2.-r0.d2.r0.-d1
743,-r2.-f1.d0.-r0.d0.d0.-r1.f2.-r1.d2.d2.r2.-r1.f0.-d1.f2.d0.-f2.-d0.-f0.-r2.d2.-d0
744,f1.-d2.-r2.-d0.f2.r0.d2.-f2.d0.-r0.-d0.-r2.f2.r2.-f1.-d1.-f2.d1.r0.f2.-r0.f2.-d2.r1.-d2.-r1.d2.-f2
745,-f0.-r0.f1.r2.-f2.d2.f0.f0.r2.r0.d1.f0.r0.f2.f1.-d1.f0.-r0.f2.-r0.-f0.r0.-f2.-r0.d2
746,f1.-r1.f0.f0.-d1.-f2.r1.-f0.r2.-f1.r1.f0.-r0.-d2.r0.-d2.d0.r2.-d2.-d0.f0.-r2.-d0.r2.-f0.-r2.d0.-r2
747,f2.-r0.f2.r0.f1.f1.-d2.-d0.r2.r2.-f2.r0.f0.r2.-r0.-f2.d0.-f0.d2.f0.-d0.f2.-d2
748,f1.-r0.d2.f2.f2.d2.d2.-r0.d1.d0.r2.d0.r1.f0.r1.f1.r1.-d0.-f1.-r1.-d2.-f1.d2.f1.d2.d0
749,-r0.f2.f2.d0.r1.f2.-r2.-f0.-d0.-f1.-d1.r0.-d0.-r1.d1.-r0.f2.f2.d1.-f2.f0.-d0.r1.d0.-r1.d0.r0
750,-d0.-f0.r2.d1.r2.f0.r2.r2.-d2.f2.d1.d1.-f2.-f2.-d1.-r2.d0.f2.r0.d0.-f2.-r2.-d0.-r0.-d0.-r0.d0.r0.d0.r2
751,-f1.-d2.-r0.f0.f0.-d2.f0.-d0.-r2.-f1.-f0.-r0.-d2.f0.d2.d2.-f0.r2.f0.r0.d0.r1.f0.-r1.-d0.-f0.r0
752,d0.-f2.d2.-f2.f0.d1.-r1.-d2.-r1.-d1.-r0.d1.-f0.-r1.f1.d2.f2.d2.d2.r0.f0.r1.-f0.-d1.-r0.-d0
753,r2.f0.d2.-d1.r2.r2.-d2.r2.-f1.d2.-r0.-f1.r0.-f1.f0.r0.f0.-r2.-d2.-r1.-d1.r1.-f0.-d1.f0.d1.-r0
754,f1.-d1.r2.-d1.-r1.-f2.-d1.f0.-r2.-f0.-d0.-f2.-f1.-r2.r0.-r1.-d0.r2.-d1.d0.r2.d1.f1.f0.-d1.-f0
755,-f2.-r1.-f2.-d0.r2.d0.r2.d2.-d1.-r0.f0.-d2.-f0.r0.d2.d1.d1.f2.-d2.d1.-r2.-d1.-r0.-f2.r0.d1.r2
756,r2.-r1.f1.-r1.-f0.d2.f2.-r1.d0.d2.f1.-r0.d2.r0.-f0.d2.-r2.d2.-r0.-f2.-r0.f2.-d0.r2.-d2.-r2.d0.r2.d2.f0
757,-f1.r1.-f2.-d2.r0.-d0.r0.r0.-f2.-d2.d1.d0.-f2.-f0.-d1.f2.r2.-d0.-r2.d0.-r2.-d0.r2.-f2.d1
758,f1.-f0.-f0.r0.d2.-f2.-d0.r0.-f2.d2.f2.f2.-r2.d2.r2.r2.-f0.-f0.-d0.r2.r2.d2.d2.-d0.-r0.-r0.-d0.-d0.r2.-d1.f1.d1.-f1.r2.d1.-r1.-d1.r1
759,-r1.d0.-f1.d0.f2.r0.-f0.r2.d0.f0.d1.r2.-f0.r2.f2.f2.-r2.f2.f2.-d0.f2.d0.-f1.d2.f1.f0.-r2.-d0.-f0.r2.f0
760,d2.r0.-f1.-d1.-f0.r0.-d1.-r2.d1.-r2.f0.d0.-f0.r0.-d2.r2.-r0.d0.-f2.-d0.f2.-r2.r0.-d2.-r2.f1.r2.d2
761,-r1.-f0.d0.d0.-r2.r1.r0.-f1.-d1.f1.d2.-f2.d0.f0.f0.-d0.f2.-d0.-f2.d0.d0.-f1.r1.f0.-r0.f2.r0.f1.-r0.-f2.r0
762,-f1.-d2.r0.-d0.-f2.-d0.r1.-f1.-d1.f2.-r0.-f2.r0.-d2.-f2.d2.-d1.-f2.d1.f2.d2.f2.-d0.-r0.d0.f0
763,r2.-d2.f0.-d2.-f0.-f0.-d0.f2.-r0.d2.-f2.d2.d2.r0.-d0.-d0.-r0.-r0.f2.f2.-d0.-d0.-r0.-r0.-d0.-r1.f1.-d1.r1.-f1.d1.f0.f1.d1.-f1.-d1.-f0
764,d1.-r0.-d0.f0.d1.-f1.r0.r0.-f2.-d2.f1.-d2.f0.d2.d2.r0.-d1.-d0.r2.-d2.r1.-d2.-r1.d2.d2.f2.-f1.-f0
765,f0.-d2.f2.-d1.d0.-r1.-f0.d2.f2.-d2.r1.f1.d1.-r0.f0.-r2.d0.r1.-d0.-r1.-f1.d1.-f1.r1.f1
766,d0.-f2.d2.r1.-d0.-f0.-d0.f1.-r1.-d2.d0.-r1.f1.r1.d1.-f0.d2.d0.r0.-d2.r1.d2.r2.f2.-r0.f0
767,r0.-d0.-r0.-d2.-f0.-d2.-r1.f0.r1.-r0.d0.f0.-d0.-r1.d0.r1.f2.d2.-r2.r0.d2.r1.f0.-r1.-f0.r2.f0.-d2.-f1
768,r0.f2.d2.-r1.-f0.-r2.d0.f2.r0.-d0.r2.d0.r0.-d2.-f2.-d2.f2.d2.r0.-f2.-d1.r0.d0.-r0
769,r0.-f0.-d1.-r1.d0.-f1.d1.r2.f0.d2.-r0.f1.-d2.f2.-r2.d2.r2.-d2.d1.-f2.-d1.-d0.-r1.-r0.f0
770,-d0.-r2.-f2.-r1.-d2.d1.f0.-r1.-f2.-d0.-f2.-d2.-f2.-r1.f2.-d1.f2.-d2.-r1.r0.-f1.r0.r0.-f0.r2.f0.-r2.r0
771,-r0.d2.r2.f2.-r0.-d2.-f1.-d1.r2.f0.-d1.-f0.-d0.r0.-f2.d0.-r0.-d0.r0.f2.-r0.f2.-r2.-d0.f0.d0.r2
772,-r2.-f2.r2.d2.d2.-r2.-f2.r0.-f2.-d2.r0.-f2.d2.f2.f2.d0.-r0.-r0.d0.-r0.-r0.-f0.-f0.d2.f2.f2.r0.-d1.f1.d1.-f1.-r0.d0.f1.-r1.-f1.r1.-d0
773,f2.d2.r0.-d1.f2.r1.r1.f0.r0.-d0.-d1.f2.r0.-f0.-r0.f0.-r0.-f2.r0.f0.r1.d2.-r1.-d2.-r0.f2.d2.-f0.-d2
774,-r1.-f1.-r1.-d0.r2.-r1.-d1.-f0.d1.-r2.-d2.-f1.-d0.f0.d0.f0.f0.r2.f0.-r2.-f0.-d1.-f0.d1.d0.-r2.d1.-d0
775,-f1.d0.-r0.f0.d2.r1.-f0.-d2.d1.f2.-r0.d1.f2.-r0.-d2.f1.f0.-d2.f0.f0.d1.f0.-d2.-f0.-d1.-f1.f0
776,-r0.d2.-f0.-d2.-f0.d0.r0.-f0.d1.-f2.-d0.-r0.d0.f2.f2.-r1.-d0.r1.d0.f2.r0.-f2.-r0.-d0.r2.-r0
777,-d2.-f1.-r0.f2.-r2.-f0.-d2.-r2.f2.d1.f2.-d2.-r0.d2.-f2.-r0.-d2.r0.d1.r2.-f0.-r2.r1.-f0.-r1.f0.r0
778,f2.d2.r0.d2.-r1.-d0.-r2.-f2.-r1.r0.-d2.-r0.f0.-d1.-r2.-d2.r2.-f0.-r2.-f1.d1.-f0.r1.d1.-r1.-d1.r1.f0.-r1.f1
779,r2.-r0.-f2.d0.f2.d1.-d0.f0.r1.r0.d0.r1.-d2.-r0.d2.-f0.r1.f0.-r1.-d2.r0.-d1.-r0.d2.d0
780,-f0.-d0.r2.-r0.d1.f2.r2.d2.-r2.d2.r0.-d2.-r2.-r0.d1.f1.-d1.-d0.-f1.r0.d1.f1.d0.-f2.d0.-f1.d1.d1.f1.-d0
781,d2.-f0.r1.-d0.-f1.-r2.f2.-r2.-f2.d2.f1.-f0.r0.f2.-r0.f0.r1.-f1.-d2.f1.d2.-f2.f1.r1.d2.-r1.-d2
782,-d2.-f0.r0.r0.f2.-d0.f2.-d0.-f0.-r2.-d0.-r1.r0.-d2.-f1.-r0.f1.-r0.-f2.r0.f2.r1
783,-r1.-f1.d2.-r2.d0.r1.r0.r0.d0.-f0.-d0.-d0.f0.r1.d1.f0.d2.-f0.-r1.-f2.-d1.r0.d1.f2.f0
784,d0.-r1.d0.f2.r2.-r0.-d1.f1.d2.r0.f2.d0.f0.d2.r2.-d0.-r2.-f1.f0.-d1.-r2.d1.-f0.-d1.f0.-r1
785,f2.d0.r2.d0.-r0.d2.r1.f2.-r2.f0.r2.f1.r2.-f1.-r2.f0.d1.-f2.-d1.f2.f0.d0.-f2.-d2.-d0.r2.f1
786,d0.-f2.r2.r2.d2.r0.-f2.r1.-d1.d0.d0.-r2.d2.d2.r2.-f0.d1.d1.f2.d1.r1.-r0.d1.-f0.-d1.f0.-d1.r0
787,-d2.f1.r2.f1.-d0.r0.-f2.r2.-f0.d2.-r2.d0.-r2.d2.d1.r2.d0.-r2.-d1.-r0.-d2.-r2.d2.r2.r2.r0.d0
788,-d0.-r2.d2.f0.-d2.r1.f2.-r0.d2.-f0.d2.-f0.r0.d2.r1.-d0.f1.d2.-f1.d2.-d1.-r1.d0.r1.d1.d0
789,-f0.-r0.d0.f1.r2.f1.r2.-d2.f0.d2.d2.-f2.-r2.r0.f1.r2.-d2.-f0.d2.f0.-r0.-d2.r0.-f1.-r0.f1.d2
790,f2.-d0.-r1.-f2.f0.d0.r2.-d2.-f0.-d2.d1.-r1.-d0.-f0.-r1.d1.d1.f0.-d1.f2.d1.f0.r1.-f0.r0.-f0
791,f2.r2.-d2.-f2.-d2.-f2.d1.-r2.d1.r0.f2.r2.f2.-r2.-d2.-d0.-f2.d1.f2.d2.-f1.-d1.f1.d1.-f2.-d1.f2
792,r0.d0.-f2.f0.-d0.r0.-r1.-d0.f2.-d2.-f1.-r1.-f2.d2.-r1.-f0.d0.-f1.-d0.f1.f0.d1.-f1.-d1.r2.d1
793,r2.-d1.d0.-f2.d1.-r1.d2.-d1.-r0.-d0.r0.d0.f0.r2.r2.d2.f2.-r2.d0.d0.r2.d2.-r2.-f2.d0.r2.-d2
794,-f2.-r1.f1.f0.r2.-d2.f2.-d0.-r0.d2.f1.-d2.-f0.-d0.f0.-r0.f0.r0.-f0.d2.r0.-d2.-d0.f2
795,-f0.-d0.-r2.-f2.f1.d2.f2.r1.-r0.-f2.-f1.d2.r1.d2.-r1.f1.-d1.d0.f2.d1.-f2.-d2.-f2.d2.f2.-d0.-r0
796,-d1.f2.-r0.d2.-r1.-f1.d2.r1.r1.-f1.-d2.-f1.-r2.-f0.r2.-f1.-r2.-d2.r2.d2.r2.r0.-f0.r1.f0.-r2.f0.f0
797,r2.-d2.-r1.-d2.r2.-f2.r2.-d0.r1.-d0.f1.-d1.r1.f2.d2.-d1.r0.-d0.-r0.d1.r0.-d2.d0.-f2.d2
798,f1.-r0.-d0.-r2.r1.d1.-f0.r1.-d2.-r1.d0.-f0.d2.-f2.-r0.-d0.r0.r0.-f2.r1.f2.-r1.-r0.f2.-r0.-d0.r1.d0.r0.-d0.-r1.d0
799,r0.d0.-r0.-d1.f2.-r1.-d0.-f1.f0.d2.r2.f2.-d2.-r2.d2.r2.r2.f1.-r2.-f1.-r2.-d2.f1.d2.-f2.-d2.-f1
800,-d2.-r1.f1.r2.-d1.-d0.f0.d0.r0.-d1.-d2.-r2.-f2.-r2.d0.-r1.f2.-d0.r0.-f1.r2.-d1.-r0.d1.-r2.f1
801,r0.d0.r2.-d1.-r0.-d0.r0.-f2.-d2.f2.d0.-r2.-r0.-d0.f1.d1.f1.-d1.-r0.-d1.-f1.d0.r2.-d0.f1.d0.-r2
802,f0.-r2.f2.-r2.f2.f2.d1.-f1.-d0.r2.-d0.r0.-f0.-r2.-f0.r2.f1.r2.-f1.-r2.d2.-f1.-f0.-d1.-f2.d1
803,-d2.-f1.f0.-r2.-d0.f0.r0.f1.f2.d0.r2.f0.r0.f1.-r2.f0.f0.d0.-f2.f0.-r0.-f1.-f0.-r0.-f0.r2.f0
804,d2.-d0.-f1.-r1.-f0.r0.f2.-d0.-r1.-f0.r1.r1.-d0.-r0.-d2.f2.-d0.f1.d0.-f2.r0.d0.r2.-f1.-d0.f1.r2.-f1.d0.f1
805,-r2.f0.-r0.-f2.d2.-f2.-d1.-f2.r0.d2.f1.r0.f1.d0.f1.-d0.f1.-d2.r0.-d2.f0.-r0.-f0.d2.-r0
806,-d1.-f1.r2.f0.-d0.f1.d1.-r1.-d0.-f0.-r0.-f2.r0.d1.-r0.d2.r2.d0.-d1.-r0.-f0.-r2.f0.-r1.f1.-f0.r1.-f0
807,d2.-r2.r1.-d0.r0.-f2.-r1.f1.-r0.d2.d2.f2.d1.r2.r1.-d2.-r1.d2.f2.d1.-f2.-f0.r1.d2.-r1.f0.r0
808,-r1.-d2.-r2.-d1.d2.-f2.f0.-r2.f2.-f1.r0.d0.-f0.d2.d1.r0.-d1.-r1.f1.r1.-d1.-f2.f0.r1.-d0.f1.d0.-f1.-r1.f1
809,-f2.d2.f2.-r0.-f2.r2.r2.-d1.f1.-d0.-d0.-r0.f1.-d1.-d0.f1.r0.d0.-r0.r1.-f1.r2.r2.-f1.-r1
810,f2.-d0.-f1.r0.-d0.r2.r2.d2.f0.-r1.d1.-r2.d2.r2.-d2.-f2.d1.f2.-d0.f1.-r0.f2.d1.f0.-d1.-f2.-f0.-r1
811,-f1.f0.-d2.r0.d1.-r1.d0.-r0.d0.r0.d0.d0.-r2.d2.d0.f2.-r1.r2.d0.r1.-d0.-f2.d0.f2.r1.-d0.-r1.-r0.-d0
812,-d0.-f0.r2.f1.d1.r2.d0.-f0.-d1.-f2.d1.d0.-f0.d2.r2.r2.f1.d0.-f1.d2.-f2.-d0.r2.-d0.f2.d0.-r2.d1
813,d2.-r2.d1.-f2.-d2.f1.f1.d1.r0.-r2.-f2.r2.-d0.f1.-r2.-f2.r2.f2.-r1.-r0.-f2.-f1.d2.f2.-d2.f1.-r2.d0.r0
814,f2.-d2.f1.-d0.f1.r0.-d0.-f2.-r2.d0.d0.-r0.-r1.-f1.r1.d0.-r2.-r2.-d0.r2.r0.f0.d1.-f0.-r0.d0
815,r1.-f0.-r2.d2.f0.-d1.-r1.f0.d2.r0.d0.-r2.-d0.f1.r2.d2.-f1.-f0.-r2.d1.-r1.-d2.r1.d2.-d1
816,f2.d2.-d1.-r2.f2.-d1.d0.r0.-f1.f0.d1.-f0.r2.-d2.-f2.-d0.f2.d0.r1.d2.-r2.-d2.-r1.-d1
817,r2.r1.f2.-d0.r2.f2.f1.d1.r1.f0.-r0.-d1.-f2.d1.d1.-r2.-d2.-r1.d2.-r0.-f0.-r0.-f1.r2.r0
818,-r0.-d1.d0.-r0.-f1.-d2.d1.r2.r2.d2.-r0.-f0.r0.-d1.-r0.-d2.-r2.r0.d1.r1.d2.r0.f1.-r0.-d2.r0.-f1.-r0
819,-f2.d2.r0.-f2.-d0.-f0.-f2.d0.d1.-f2.d2.-r0.d0.r0.f0.-r0.d1.r1.-d1.-r2.-r0.f1.r2.-f1.-r1.r0.-d2
820,-r2.d1.-r2.-f0.-d2.d0.d0.-f1.-d0.r2.f1.-r0.f0.d0.f2.r0.-d1.f2.-r0.d0.-r0.-d0.r0.-f2.d1.r1
821,f0.d0.r0.f2.-r2.f1.-d2.-r0.-d2.-f2.d1.-r0.d0.-f1.d0.d1.r0.-d1.f0.-d2.f2.-f0.r1.-f1.-r0.f1.-r1
822,-d1.-f2.-r2.r1.d1.-d0.-f0.r2.-r0.f2.-d0.-f1.-f2.r2.-f0.-r2.f2.d1.d0.f2.r0.f0.-r1.-f0.-r0.r2.f0.r1.-f0.-r2
823,r1.-f2.-d0.-r0.f1.d1.-f2.-r0.-d2.-r1.-d1.f2.d2.f0.-d1.-f0.-d2.d1.-r2.r0.-f2.-r0.-d2.r0.f2.r2.-r0
824,-d1.-r2.-d0.-f1.-d0.-f2.r0.-f2.-r0.d0.-r0.-d0.-r0.-d2.f2.r2.-f2.-r0.-d2.-r1.-d1.d0.f1.-d0.-f1.d1.-f2.r1
825,-r2.d2.d2.-r2.-d0.-r1.-d0.f2.-r2.-f2.-d1.-f0.-d1.-f2.d1.f0.d2.r0.r0.-d2.-r0.-f0.-r0.d2.f0.r2.-f0.r0.f0.-r2.-r0
826,-r2.f2.-d2.-f0.-r2.r0.d0.d0.-r0.-d2.-r2.-f1.d0.-f0.d1.r0.-d1.-r0.d1.r2.d1.-f1.d2.f1.d1.-f1.-d2.-f1
827,-r0.d2.d2.f1.d0.r0.-f0.-r2.f1.-f0.d0.r0.-f1.r2.-r0.f2.-d0.-f2.r0.f1.r1.-f1.-f0.-d1.f0
828,f2.-f1.-r2.r1.-f0.r0.-d0.-d0.-f2.d2.f0.-d0.-d0.-f1.d1.-f0.-r2.-f1.r2.d2.f1.-d2.f1.f1.r0.f1.d1.-f1.-r0.f1
829,-r1.r0.d2.f1.f1.d1.-d0.f1.r2.-d1.-f0.d0.d0.f0.-d2.-r0.d2.-f0.-d2.d0.f0.d1.-f0.-d1.f1
830,-f2.-d1.r0.d1.r2.f2.r0.f2.d2.r2.r2.f2.r1.-r0.f2.f2.r0.r0.f0.-r0.-f2.-r0.f2.r0.-f2.r0.-f2.-f0
831,-f1.-d2.f2.-d2.f1.d0.-r2.r0.f2.-d0.-d2.f0.-d0.-f0.d2.f1.f0.d0.f0.-r1.f1.-r0.-f1.r1.f1.f0.f0
832,-d0.-f2.r2.f2.r2.-f1.d2.r2.-f2.d0.-f0.r2.r2.f0.d2.f0.-d1.-f0.d2.d2.f0.-d0.-f0.d2.f0.-r2
833,-r1.-f0.-d2.d1.d1.-r1.-d1.-d0.f0.f0.r2.-r0.f1.-f0.-d1.r0.-d2.-r1.d2.d1.f0.d0.-f2.f0.r2.f2.-r2.f0.f0
834,f0.-r0.-f2.d2.f0.r2.r2.d1.d0.-r1.d0.r1.-r0.d0.-r0.-d2.r0.r0.f0.-d2.-f2.r0.f2.-r2.d2.r1.-d2.r2.d2.-r1
835,d2.r2.d0.r2.-f2.f1.d0.-r2.-d2.f0.d2.-f0.-d2.r0.d0.-f0.d0.d0.f0.d0.f0.f0.-r0.-d1.-f0.-d0.f0
836,-f0.d1.f1.r0.f1.-r2.d2.f0.-d0.-f2.-d0.f2.d0.-f0.-d0.r0.d0.d1.r0.-f0.-d0.-f0.-r0.d2.r0.-d2.r0.f0
837,-f0.r1.f1.d2.-d1.f2.r2.f0.r0.r2.-f2.-r2.-d2.-f1.r2.-d2.d0.f0.r2.-f0.-d2.-r2.d1.r2.d2.-d1.-d0
838,f2.-d2.f1.f1.-r1.-f0.r2.d0.-f2.-d2.-f0.-f0.-f2.-r0.-r0.-d0.-f0.-f0.r2.f2.f2.r2.r2.d0.-r0.-r0.-f0.-f0.d2.-r0.-r0.-d0.-d1.-r1.d1.f1.r1.d1.-f1.-d1
839,-r2.-f0.-r2.d2.-r2.-d1.f1.d2.f1.-r1.-d2.-r1.d2.r0.-f1.r2.-r0.f2.-r1.-d0.-r2.d0.r0
840,d0.-r1.d2.d2.r0.f2.r1.-f1.d2.r2.-f0.d2.d2.-f0.-r0.-d1.f0.-d2.-f2.d2.f0.-d2.-r2.f0.-r0.-f0.r2.f0.r0.r0
841,r1.d0.f1.d0.-r2.-d0.r0.-f2.d0.-f2.-d0.-r0.-d2.r2.d2.r0.-d1.-f1.r0.r0.f1.-d2.-d0.-r0.-d2.f1.d2.r0.d2
842,f1.-d2.f2.d0.-r0.f2.d0.r2.d2.f2.-f1.-d0.-r1.f0.f2.-r1.f0.r1.f2.f2.r1.f2.-r0.-f1.-r0.f1.r1.-f1.r0.f1
843,r2.f2.d2.-f1.-r2.r1.-d1.-r2.r1.-d0.f0.-r0.f0.d2.-f0.d0.f2.-d0.-f2.f0.d2.r0.-d2.-f1.-f0
844,d1.r0.r0.-f2.-r0.d1.f2.-r1.-f2.f1.-d0.f2.-d1.-r1.-f2.f0.r2.d0.r1.r0.d0.-f1.-r0.f1.-d0.-f1
845,d0.f0.-d0.r2.-r1.d0.-f2.-d2.f1.-d2.d1.f2.d2.f2.-r2.-d2.f0.r2.f2.-f0.r2.d2.-r2.-f2.-f0.-r2.f0
846,-d0.-r2.d1.-f0.d1.r1.d2.r2.d0.-f0.-d1.d0.r0.f2.r2.r1.d0.f0.-r0.f0.d2.f0.-d2.f0.-r2.f0.r0.-f0.r2.f0
847,r1.-r0.f2.-r2.-d2.d0.-r2.f1.-r2.d1.-f0.r0.f0.d1.f0.r1.-f0.d2.-r0.-d2.f0.d1.r1.-d1.-r1.-f1.-f0
848,-d1.-r1.d2.-f0.d2.-d1.f2.d1.d0.f2.-r1.-d0.f2.r0.-f2.f0.-d2.-f1.d2.f2.-r1.d0.-r1.-d0.r1.r1
849,r0.-d0.r1.-f0.-d2.f1.r1.d2.-r2.f1.d0.f2.r1.-f0.-d1.f0.-r2.-d0.r0.d0.r2.-r0.-f0.-d2.-d0.r0.r0
850,-r0.-d1.-r1.f2.-r1.d0.r1.d2.f0.-d1.-r0.d1.r0.-d1.f2.f1.r1.f2.r0.-f2.r2.-d0.-r1.f2.-r0.-f2
851,f0.r0.-d0.-r0.-d0.r0.f1.f1.-d2.-f1.-d2.d0.-f2.-r0.-d0.r0.-d1.-r2.f1.d1.r1.-r0.-d1.r2.d1.-r1.r0
852,f2.r0.-d2.-r1.f0.-d1.r0.-d0.f0.-d1.r2.r2.-d2.-f2.d1.r0.-d0.-r2.d0.-r1.f2.r1.f2.-d0.r2.d0
853,f2.-r1.-d2.f0.r0.f1.-d0.f2.d0.d1.-r2.f2.f2.r2.-d2.r1.-f0.d2.-r2.-f0.r1.f0.-r1.d2.-r1.d1.d0.-r0.-d0
854,d2.-r2.-d2.-r0.f0.d2.r1.r1.f0.d0.-r1.-d2.d1.f2.-d1.-r1.-r0.-d2.-r0.d2.r1.f2.r0.-f2.r1.-f0.d2.f0.-d2.-r1
855,r0.-d1.d0.-r1.f1.-r1.-r0.d2.f2.d2.f0.-r2.d0.-f2.d2.-d0.r2.-d2.-f1.-r2.-f0.-d1.f0.r2.-f0.-d0.-r2.d1.d0.f2.f0
856,-d2.-d1.-r0.-f0.r2.r2.d2.f0.f0.-r2.-d2.-r0.d2.-d0.r2.r2.-d1.-r0.d2.-r0.f0.-r1.-f2.r1.-f0.-r0
857,f0.-r0.-f0.-d0.-f1.f0.-r0.f0.f0.-d2.r0.-f2.d2.-r0.-f0.d2.r0.-d2.f0.d1.-r0.-d1.r0.-d1.-f1
858,r1.-f0.r1.-d1.-r2.d0.f0.-r2.-f1.d1.d1.f1.-r0.-f2.-d2.-f2.r0.f2.-d2.-d2.f0.-d2.-r2.-d2.r2.d2.f2.-f0
859,-d1.r1.f2.d0.f1.r0.-d0.-f2.f1.-r0.-d0.-r2.-d2.r2.-f2.-d1.-f2.d1.-f1.-d2.r0.r0.d1.r0.-d1.r0.d2
860,-r0.-r0.-r2.-f0.-f0.f2.r0.d0.-r2.f0.-r0.-r0.f2.d2.-r0.-r0.-f0.-f0.d2.d2.-f0.-f0.f2.f2.d2.-d0.r1.d1.r1.-d1.-r1.-r1.f0.f1.-r1.-f1.r1.-f0
861,f1.d2.-r2.-d1.f1.r0.f0.-r1.r0.-d0.-f2.-r0.f0.-r2.-f2.r2.f2.-r0.d2.-r0.d2.f0.r0.-f0.-d2.f0.-r0.-f2.-f0
862,d2.r2.-f2.f1.d2.d2.r1.f0.-f2.r0.f0.-r0.f2.-r2.-r0.-d0.-r0.f1.d0.-r0.-d0.-r0.f0.r0.-f1.-f0
863,f2.r0.-d2.r1.f2.-r2.-d1.f2.-f0.-r1.-f2.f1.d2.f1.-d2.d0.-r0.-f2.-r2.r0.f0.-r2.f2.-d0.-f0.d2.r2.-d2.f0
864,f0.-r2.f2.-d2.-f2.-r1.-d1.-f0.r0.-d1.-r0.-f2.d0.f2.d0.r2.-r0.d2.r0.r0.-d2.r0.r0.-f1
865,f2.-f1.-r2.-f0.-d0.-f0.-d2.-f1.d1.-d0.f2.r2.r1.d0.-f1.f0.r2.f1.-r2.-f0.r2.-d0.f0.-d0.-f0.d2.d0.-r2.f0
866,d0.-f0.r2.-d2.-f1.d1.-f2.d0.-f2.d1.r1.-d0.-f0.-f1.-f0.-f1.d0.-f2.d1.f1.-d2.-d1.-f1.-r1.f1.f1.r1.-f0
867,-f0.-r1.-f1.-d2.-r1.f0.-f2.-d2.f2.r0.d0.f2.f2.-f1.-r0.d1.d1.r0.d1.r2.f1.-d1.-f1.r2.-f1.-r0.f1.-r2.-f1
868,d1.r2.-r0.-f1.-d2.d1.r0.-d0.-f2.r1.d2.r0.-d1.-d0.f1.-d1.-f1.-d2.-f2.-r1.-f2.f1
869,d1.d1.f1.d2.r1.-f2.-r0.-d2.r1.d0.r2.r2.d0.f1.d0.-r0.-f2.-r2.f2.-d0.-r1.d0.-f2.f0.-r2
870,-f0.r2.f0.f0.-d2.r2.-d0.-d1.-f1.-d1.r2.r2.d2.r2.d1.-r0.-f1.-r2.f1.r0.d2.-f0.-r1.f0.-d1.-r0.d1.-f0.r1.f0
871,-f2.f1.r2.-f0.r2.-d2.-f1.r0.d1.f0.d2.-f0.r1.f2.-r1.-r0.f0.-r2.-d1.r2.d1.d0.-r2
872,d2.-f1.-d0.f2.-d0.f2.-d1.-f0.r1.-f2.-d1.d0.f0.-d0.f0.f0.d2.-f2.-d0.f2.d0.f0.d0.-f2.d1.f2.-d1.-d0.f2.-f0
873,d2.-f2.f0.-d2.-r0.-d1.-f2.-d2.-f2.-r1.-r2.d2.r2.d2.f2.r2.-d2.r2.r0.f0.-d0.-f0.d0.-r0.-f2
874,r2.-d1.-d0.-r0.-f1.-r2.-f2.-r0.f0.-d0.-f0.d1.-r1.-d1.-f2.-d0.-f1.-f2.f0.r2.f0.-r2.f2.f2.r2.-f0.-r2.r0
875,r2.f1.-f0.r2.r1.-f0.r0.r0.-f2.d1.-r2.-d2.r2.r0.d2.-f0.r0.r0.f0.r0.-d2.d0.r0.-d0.-r0.-d0.-f2
876,d2.r0.f0.d2.r1.-f2.r2.-d1.f0.r2.-d0.-f2.-f2.r2.r0.d1.r2.-r0.-f1.-f0.r2.f0.f0.-d1.-f0.-d1.r0.d1.-r0.d1.-r2.-r0
877,-f2.r1.-d2.-r1.-f0.r2.d1.-r0.f2.f1.-f0.r2.d1.-f0.d2.r0.f0.d2.-r2.-f0.-r0.-d2.f0.-r2.d2.f2.-d2
878,r1.-r0.-d2.-f2.-d0.f0.-d1.-r2.-d1.r2.-f1.-r2.r0.d0.-f0.-d2.-d0.f0.-r1.-f0.r0.f0.-r0.f0.d0.-f0.d1.f0.-d0.-f0
879,f1.r2.-d1.r2.d2.d2.-d1.f2.-f1.-r1.-d2.-f1.-r2.-r1.-f1.d0.-r0.d2.r1.-d2.r0.d2.r2.-r0.-f2.-r0.f2.r0.r0
880,r0.d1.-r2.f0.-d2.-r0.-f2.-r2.r0.f2.-d1.f2.-d1.r1.r1.-d1.-r0.-d1.-r1.r0.d0.-r0.d1.r1.-f1.-r1.-d1.r0
881,-r2.f1.-r0.-f1.d0.r0.d1.-d0.-r2.d1.f2.f2.d0.-r0.-f1.r0.f2.r0.r0.-f0.r0.f1.f0.r0.d1.d0.-f0
882,r1.-f1.-d0.-f0.r2.d1.f2.f2.-f0.r1.d0.f2.-r0.f0.-r0.f0.r2.f0.d2.-f0.-r0.d2.r0.f0.-d2.-f0.-r1.-r0
883,-r0.d0.-f2.f0.r1.d1.-f0.-d2.r1.f0.d0.f2.d0.d0.r0.-f2.-r0.d0.d0.r1.d2.-r1.-d2.-d0.f0.-r2.f1.r2.-f2
884,f2.r2.f2.-f1.d1.f0.r0.-f2.r2.-d0.-f0.r2.-d0.-f0.-r2.-d2.f2.f2.-d2.r2.-d2.-r2.d2.f2.f2.-f0
885,-r1.f1.-d2.-f2.r0.f2.r2.-d0.-f1.r0.-d0.-d2.f2.d2.r1.-d2.f0.r2.-f0.-r2.f0.d0.-f0.d2.f0.-d2.f0.-r2.-f0
886,-r2.-f2.-d2.-r2.-f2.-r2.-d2.-f1.d1.d0.f0.-d0.-f2.-r0.f2.r0.-f0.r2.-r0.-f2.f0.-r1.f2.-r2.-r0.d2.r0.r0
887,d0.-f0.-r1.-d2.d1.r2.d1.f2.-r0.d1.-d0.-f0.-r0.-d1.-f0.d1.d2.f0.r2.d2.-r2.-d2.f1.f1.-f0
888,-r0.f0.-d1.d0.f2.r0.-f1.r0.-d1.f2.d2.r2.-f0.r1.-f0.-r1.-r0.d2.r0.d2.f1.-d2.-f1.-f0.-r0.-d0
889,-f0.r0.-f2.d2.-f2.-d2.r1.-d2.-f1.-d2.-f0.d0.f1.r2.-d0.r0.-f2.-d1.f2.r1.f0.r1.-f0.-r1.d1.d0.-f1
890,-f2.f1.f1.r1.-d2.-f0.-f0.-d0.-f2.r2.r2.d2.d0.-r0.-r0.-d0.-r2.f0.f2.f2.d0.f2.f2.d2.r2.r2.d2.d2.-r0.-r0.-d2.-r1.-f1.r1.f1.-d0.r1.-r2.-d1.-r1.d1.r2
891,d1.-r2.f2.-r0.f0.-r2.d1.f1.f0.-r2.-d0.f2.-d1.-f1.-r2.-f1.d1.-f2.-d0.-r1.d2.-r1.d2.r1.-d2
892,-r1.f2.-r0.f2.f2.d2.-r0.-r0.-d1.-r1.d2.-f2.r2.-d0.-f2.-d1.f1.r2.f1.-d0.f1.-r2.-d1.r2.d0.-r2.d1.d1
893,-r2.r1.f0.r2.-d1.-f0.-d2.r2.f2.-f0.d2.d2.d0.-f2.-d0.r0.d2.r2.-d0.-r2.d0.r1.-d0.r2.d0.f0.d1
894,f2.-d1.r2.-r1.-f2.r2.-d0.-r1.-f2.r2.r2.f2.-r0.f2.-r2.-f2.f1.-r0.-f0.f1.r0.-f1.-d2.-r0.d0.r0.d2.-d0.-f1.d0
895,-r2.r0.d2.f0.d2.r0.-f2.d1.d1.f2.d0.-r0.f1.-f0.r2.f0.-r2.-f1.-f0.-d0.r0.d2.-f0.-r0.r2.-d0.-r2.-r0.f0.r0.f0
896,-d0.r2.-f1.-r1.d0.f2.d0.r0.-d1.r2.f2.f2.d2.-f2.r2.d2.d2.f1.r1.f2.-r1.d2.r1.-f2.-r1.d2
897,-d1.-f0.d0.r2.d2.d2.r1.f0.r1.-d0.r2.-f2.-d2.f1.d2.d0.-r2.-f2.r2.-f1.r1.f2.-r1.-f2.f1.d1.-r0
898,-f2.f1.r2.-d0.r1.-d0.f0.-r2.-d2.r1.f2.r1.f2.r0.-d2.-r0.d2.r2.-d2.-r0.d1.-d0.-f1.-d2.f1.d2.-d1.d0
899,-d1.r0.d2.f1.r2.-r0.f1.-d0.-r0.d0.d0.f2.-r0.-d0.r0.-f1.-r0.-d2.r0.-f2.-r2.f0.-d0.-f0.-r0
900,-d0.-r0.-f1.r2.-f2.r2.-d2.-f2.-r1.-f0.-d0.f0.d0.-r2.-f0.r2.-f2.-d1.-f0.-r2.f0.d0.f1.-d0.-f1.d1
901,d2.r0.-f2.f0.r2.f0.d0.f0.r1.r0.-f1.-d2.f0.d0.r0.-f0.r2.-d0.f2.-d0.r0.-f2.r0.r0.-d2
902,-d0.r0.r0.-f1.-d1.-f2.r1.f1.-f0.-d0.f0.r0.f1.r0.-f2.-d2.f0.-d1.r1.-f0.r2.-r1.-d0.-r1.-r0.d0.-r2.f0
903,-d0.f2.-r2.-d0.-f2.-r0.-d1.d0.f0.-d1.r0.d0.-r1.d1.-r2.-r2.-d1.-f2.r1.d1.-f1.-r0.-f1.-r1.r0.f2.r2
904,-r1.d2.f2.f2.-d0.f0.r2.-r0.-d2.-r0.-f0.r2.r0.f2.d2.-f2.-r0.d2.-d0.d2.r0.f1.-r2.-f1.r2.d1.r2.-d1.r1.f0
905,-r2.r1.f2.-r0.d2.-f2.f0.r2.d2.r0.r2.-f2.f0.r2.-f1.-f0.r2.r1.-f2.r0.-d1.f0.d1.-f0.-d1.-f0.d1.f0.-r0
906,d1.f0.-d1.f0.r0.-d2.r0.-f1.-d2.f2.-r0.-d2.f2.d2.-d0.f2.-r2.-d0.r2.-d0.f0.r0.r0.f2.-r2.-f1.r2.f1.r2.-d1.-r2.d1
907,-d2.-r2.-d2.f1.f1.d1.-r0.-d2.-r1.-d1.d0.f2.f0.r0.-d0.r0.d0.-r0.d0.r2.r2.f0.d2.-f0.-r2.f0.-d2.-d0.-f0
908,-f1.-d2.r0.-d2.d1.-f2.d0.d1.-f1.r1.-f1.r2.-f0.r0.d2.f1.-r0.-d2.-d2.f2.r0.f0.d2.r2.-d2.-f1.-r0.-f2
909,f0.-r2.d2.r1.-d1.f0.r2.-r0.-d1.r1.d0.r0.d0.-f2.-d0.-r1.-r0.d0.-r2.-f0.d2.-r1.-d2.f0.r2
910,-r0.-f1.r0.-d2.d1.-f1.-d2.-f2.-d0.-f1.-d1.-r2.r1.d0.f2.d2.-f1.r0.-d2.f0.d0.-f0.-d0.-f2.-d1.f2
911,r2.d0.-d1.d2.d2.r2.d0.-f2.-r0.-d2.f2.-r0.-f2.r2.d0.r2.r2.f2.f2.-d2.f2.f2.-d0.-d0.-r0.-r0.f2.f2.d0.r2.-d1.-r1.d1.-r2.d1.-f1.-d1.r1.f1
912,d1.f2.-f0.r1.-d1.d0.r2.-f2.-r1.d2.f2.r2.-d0.f2.-r1.-d0.-r2.-f2.r1.d1.r2.d2.f0.-d1.-d0.-r0.-d2.f0
913,-r1.-d2.d0.-r2.f0.r1.r1.-f0.d2.-f2.-d1.r2.-d0.f0.d2.-r2.-f2.-d2.-f1.-d1.-d0.r0.r0.d0.f0.-d0.f2.d0.f1
914,f1.-r1.d2.r1.r1.-f2.-r1.d1.d2.-r2.r1.r0.f0.-r0.d0.-r2.d2.d2.r2.r2.-d2.r2.-f0.r2.f0.-d2.f0.d2
915,f0.r2.-d0.-f2.d2.-d0.-r2.d2.-d1.-d0.-f0.d1.-r1.f0.-r2.r0.f1.-f0.r1.f0.-d1.-f0.r2.-d1.r0.-d0.-r2.-r0.f0
916,r1.d2.-f0.-r2.f2.r1.d1.-f0.-d2.-r2.d2.-r1.f0.d1.-f1.r0.-f2.r0.d0.-f0.-r0.-f0.-d0.f2
917,-f2.-r2.r1.-d1.-f2.f0.-d2.-r0.-f0.d2.r0.r0.-d0.f2.d2.-r0.d1.r0.d0.r0.-d2.f1.d2.d0.-r0.-f0.-d0
918,d0.-f0.d1.r0.-d0.-f0.f1.-d1.d0.-r0.-f0.d2.r1.r0.-f1.-r0.d0.-r2.d2.r2.-d2.-d0.r1.f0
919,-r2.-d2.d0.-f2.d1.r1.-r0.-f0.-d0.-r1.d0.-r1.d1.-f2.d2.f2.-d1.-f1.d1.r1.-d0.-r1.-d1.-f0.d2
920,-d2.r1.d2.d2.r2.r2.-d2.d0.f0.-r0.r2.f2.r0.d2.d2.-f0.-d0.-r0.-r0.-d2.-f0.-f0.r2.r2.-d0.-f0.-f0.d0.-r1.-f1.-d1.f1.r1.d1.-f0.f1.-r1.-f1.r1.f0
921,-r2.r0.f1.d0.-r0.-d1.f1.d0.-f1.-r1.-f2.f0.-d0.-r2.d0.f2.-r0.d2.-r1.-d2.-r2.-d1.r2.-d0.f1.d0.-f1
922,f2.r1.-d2.d1.-f2.d2.-r2.f2.-r2.r0.f2.-r0.f0.f0.-d0.r0.f0.-d2.f2.-d0.-r0.d0.-f2.d2.-f2.f0
923,r2.r2.-f2.-r0.-d2.d0.r0.-f1.-r1.f2.r1.-d0.-f0.-r1.f0.-r0.-f2.d0.f2.d2.r2.-f0.-d1.-d0.-r2.-d2.r0
924,r2.d0.-r2.r1.-d1.f2.r0.f0.-d2.-f2.f0.-r1.-d2.-d1.r2.-f2.r1.f2.-r2.-d2.-f1.d1.d1.-f0.d0.f0.-d1.-f0.-d0.f0
925,r0.-f2.d1.-f0.r0.f2.-d2.f2.f1.-d2.f0.-r2.-f2.f1.-r1.-f1.d2.-f2.d2.-f1.d1.f1.r1.f0.-r1.-f0.d2.f2.f0
926,-d1.-f0.r2.f0.-r0.-f1.-d2.d1.f1.r0.f1.d0.-f0.r0.f0.-r0.d0.f2.f2.d2.-f2.d0.f2.-r0.-d2.r0.-f2.-d0
927,-r0.-f1.d2.f2.r1.d0.d0.f2.d0.-f0.r1.d0.f2.-f1.d0.-r0.-d0.f1.d0.f2.-r1.r0.d1.-r0.-d1.r1.-f2
928,-d0.-r2.-d2.d1.r2.f2.-d0.-f1.-f1.-r2.-d0.-r2.f0.f1.d1.r1.d0.-r1.-d0.-r2.-f1.-d0.r2.d0.-r2.-f2.f1.-r2
929,r2.-f2.-d1.r2.f0.d1.-d0.-f0.-r0.-d1.d0.-r2.r0.d0.-f2.-d0.r0.d0.-f2.f1.r0.-f1.-f0.-d0.f0
930,f2.-d0.f2.d0.-f0.d0.f2.d1.-d2.-r2.d2.r1.-f1.-d2.-r0.f1.d2.-f1.-r0.f1.-d2.d1.-f0.-d1.-f2.d1.f0.-d1
931,f0.-r2.-f0.d2.r1.-d1.r0.f2.d0.r0.d0.-f0.r0.-d0.-f2.r1.r0.d2.f1.-d2.-f1.-d0.f1.r2.d1.-r2.d0
932,-r1.-f2.d2.f2.-d1.f0.-d2.d0.f0.-d2.-r0.d0.f0.-d2.-f0.d2.d0.r0.d0.-f2.f0.-r2.f2.r2.-f0.-d0
933,f0.-f2.-d2.-r0.-f0.-f0.f2.-r0.-r0.r2.r2.d0.-r2.f2.r0.-f0.-r0.d2.d2.-r0.-r0.d2.r2.r2.d2.-d0.-f0.-f0.f2.f2.-d2.-r0.-r0.f1.-d1.-f1.d1
934,f0.d2.f0.r1.d2.r2.d2.r2.f1.-f0.-d2.f1.f0.r2.-f0.-d0.r0.d2.f0.d1.-f0.-d2.-r0.f0.-d1.-f0
935,d2.-f1.r1.f0.r1.-d2.r1.f1.r2.f2.-f0.r0.f0.d0.d0.-r2.-r1.d0.f0.r0.r0.-d1.f1.d1.d0.r1.-d0.r0.r0
936,f2.r0.f1.-r1.-f2.-d1.-r0.-f2.-r2.-d0.r2.-r1.-d0.-f0.d0.f0.-r2.r1.f0.-r2.f1.d1.d2.r1.-d2.-r1.-d2.-f1.d2.-f1
937,-r2.f2.-f1.r1.-r0.-d1.-r0.-f1.d2.-f0.r2.d0.-f0.-r1.f0.r1.-d1.r2.-r1.f0.r1.f0.d1.-f0.-d1.-r1.-r0
938,-d0.-r2.d2.f2.-f1.-r0.d1.-r0.-f2.-r0.f0.-d0.f1.-r2.-f1.r2.-f1.-f0.r2.-f0.-r2.r1.r0.-d2.f0.d2
939,-r1.f0.-r2.r1.d1.f1.-f0.-r1.-r0.f1.-f2.r0.-f2.-f2.r2.f2.r2.f0.-r2.-r0.d2.-f0.d1.f0.-r2
940,d1.r0.f2.-d0.r2.d1.-f1.-d0.-d2.r0.-d0.-r1.r0.-d0.-r1.d0.-r1.f1.r1.d2.-f0.-r1.-d1.r1.d1.-r2.-d1.-r1
941,-d1.f0.r1.d1.r0.f1.r1.d0.-f2.-r2.f0.-d0.r1.f2.r2.-d0.r2.f2.-r2.f2.d2.-d1.r2.f2.-d2.-f2.-r2.d1.-f2
942,-d0.r2.-f0.-r1.-d2.d1.-r1.-d0.d2.r0.-d1.f2.r0.-d0.-r2.r1.-d0.r2.d0.f2.f2.d2.f2.-d2.f2.-r1
943,r2.f0.r2.d1.f2.d1.-f0.d0.r2.r2.d0.r0.r1.d0.d0.r0.-d2.-f2.d2.-r0.f2.r2.-f1.-r0.f1.r1.r1.-f1.r0.f1.-r1
944,r0.r0.d0.f0.-d0.-r2.-d2.d0.-f0.-d0.-d0.-r0.-r0.r2.-d2.-r0.-r0.d2.d2.r2.r2.-d2.f2.f2.d2.f2.f2.-d0.r0.-d1.-r1.d1.r1.-r0.f1.-d1.-f1.d1
945,r2.-f2.r2.-f0.-r1.f2.d1.r0.d1.-r1.d2.-f0.-r0.-r2.f2.f2.r2.-d0.-f1.-r0.f1.-d1.f2.f0.-d2.-f0.-r2
946,-r0.-d0.r2.-f2.d2.-f1.-r0.-d0.r1.r0.d1.-f2.d0.d2.r0.d2.-f0.-d2.-f2.-d1.-r0.d1.r0.f2.-r0.f0
947,-f0.r1.d2.f2.d1.d0.-f0.-f0.-d1.-r1.d2.d0.-f2.d0.-f2.r0.f2.f2.-r0.f2.-d2.r0.d2.-f2.d0
948,f2.d1.f2.-d1.-r1.-d0.-f2.-r2.-d0.-f0.-d0.-r2.-d0.r2.r2.d2.-f0.r1.f0.-r1.-r0.d2.d0.f0
949,-f0.-d1.-f2.r0.-d0.f1.-r2.d0.f1.-d0.-f2.-r2.d2.r2.-r0.-d0.f2.-r1.-f2.r1.d0.-f1.-r0.-f0.r0.f1.f0
950,d0.-r2.d2.-f1.-r2.-f1.-d2.r0.-f2.-r2.d1.f0.r0.-f0.-r1.d1.-f1.-d1.f0.r1.-f2.-d2.-r1.d2.f2.-r2.-f2.r1.f2.r2
951,d2.-r0.-f1.-d1.f2.r1.r1.-d2.-r2.d0.r0.d1.r1.d2.-r2.d1.-f0.r2.-d1.-d0.r1.d1.-r2.-d1.r1.r1.f0
952,r2.d1.f2.d0.r2.f1.-r0.-d2.d0.f1.r2.r2.r0.-d1.-f1.-d0.f1.-d1.-r0.f2.r0.-d2.d1.d1
953,d0.r1.d1.-f1.-d2.f2.d0.-f0.d2.d2.-f2.-r2.f2.d0.-f2.d0.d0.r2.d0.-f2.-d2.d0.f1.d2.f0.-d2.-f1.d2.-f0
954,-d0.r2.-f2.-f0.-r2.f1.r1.-d2.-r1.-d2.-f2.d2.-r2.f0.r2.-d2.d1.-r0.f2.-f1
955,-d2.-d1.-f0.r1.f1.-d2.r0.-d0.f1.-d0.-f2.r2.-d0.f1.d0.d0.f0.d0.r2.d0.-r2.d0.d0.f0.-d0.-f2.-f0
956,-d0.-r2.-r0.-d1.r0.f1.f1.-d0.-r2.d0.f0.-d0.f0.f2.d2.f0.-d2.r2.f0.-r0.d0.-r2.r0.-f0.d2.-f0.-d2.f0.-d2.-r0.d2.-f0
957,f0.-r1.-d1.r1.d0.-f1.r2.r2.-f2.-d0.-f0.-f1.r2.-f2.r2.r0.f0.d1.-f0.-d1.f2.-d0.-f0.d0.-f2.f0.-d1
958,f0.r2.-r1.f1.d2.f0.d2.r2.f0.d2.-r2.-f0.d2.f2.f2.r1.f1.-r1.-f2.d2.d1.-r0.-d0.f1
959,d2.f2.r2.f2.d2.r1.-d2.d1.-f1.-f2.-r0.f2.d2.r0.d2.f0.-r0.-f0.r0.-d2.-r0.-d1.r0.r0.-d0.-f2.d0
960,d2.f1.r1.-r0.d0.r0.-f1.-d0.r1.f2.-r2.r0.d2.d0.r2.d0.f2.-r2.d0.r0.f2.-r0.-f2.d1.f0.r1.-f0.-r0.f0.-r1.-f0.r0
961,-f2.d2.f2.r2.-d2.-d0.-f2.-r2.d2.-r0.-r0.f0.-r0.-f2.d2.-r0.-r0.-d0.r2.r2.d0.-r0.-r0.-d2.-r0.-r0.d2.f2.f2.-r1.f1.-r1.f1.-r1.-f1.-f1.-r1
962,f2.d0.d0.-f1.r0.d2.f0.d0.-r0.d1.-d0.r2.f0.d2.f2.d1.-d0.-f2.r0.f2.-d0.r2.d0.-r0.-d0.-f2.-r2.-d0.r2.f2
963,r0.-f1.-d1.-f0.r0.f0.r0.f2.r0.-f2.-d0.-r1.d0.-f1.r1.r1.-f0.-d2.r0.f0.d2.-r1.-d2
964,f2.-d1.f2.d2.r0.-f2.-r1.-d2.-f0.d1.-f2.-d2.d0.-f1.d2.f1.-r2.f2.f0.-r2.-f1.r2.f1.-r2.d0.-f2
965,r0.f0.d2.-f1.-r1.-f2.-r0.d2.-f1.-d1.d0.r2.d2.-r2.-f0.r2.d2.d2.f0.-d2.-r2.-d1.-d0.-r0.-f1
966,-d2.f1.-r1.d0.-f1.-r0.d0.f2.r2.-d2.-f1.r1.d2.r2.-d2.f0.d1.d0.-r0.f1.f1.-r1.-f0.r1.f1.-f0
967,-d0.f2.f2.d2.-d0.r1.-f0.-d0.-f0.r0.-f2.-d0.r2.r1.f0.d1.f1.-f0.r1.f2.d1.f0.-r1.f2.r1.-f2.-f0
968,r2.-d0.f2.-f1.d0.-d1.-r0.-f0.r2.d0.f0.-r2.d0.r2.-d0.f0.-r0.f2.-r0.-f2.r0.-f0.-d2.r0.d2.-r0.d2.f0
969,-f2.d0.-f1.r2.d0.r0.d2.d2.f0.f0.d2.f2.f0.-d2.r1.d2.d2.r2.-r1.f2.-r1.d1.-r0.-d1.-r2.-r0.-f2.d0.f2
970,f1.d1.f0.r1.-r0.-d1.f1.r0.d0.f1.f1.r2.-f2.r2.-f2.-r2.r0.-d0.-d2.-f0.-r1.-d2.-r2.d2.-r0.-d2
971,d2.-f2.-d0.-r1.f1.r0.f2.f2.r2.-d2.f1.-r2.-f1.-f0.r2.d1.r0.-d1.f2.d2.f1.d1.d0.r1.r0.-d0.-r0
972,d1.-r0.-d2.-f2.d2.-f2.d0.-r2.r0.-f2.-r1.f2.-r1.-f2.f1.r0.d2.-r0.-d2.-f1.-d1.f0.-d1.-f1.f2.r1.-f1.d2.-f2.-f0
973,d0.f1.-d1.-r2.-f2.-d0.f0.r2.d0.r2.d0.-f2.-r2.d0.r1.-d0.-f0.d0.r1.f0.-r1.-d1.f1.d1.d0
974,-r0.-d0.-f2.r2.d1.f2.-d1.-f0.-r2.-f2.-d1.f1.-d0.r2.-d2.d1.-r1.-d1.f2.d1.-f2.-d0.-r1.d0
975,d2.-d1.-r2.-f1.d0.-r0.f0.-d0.r1.f2.f2.d2.-r1.f0.f0.-r1.f0.r1.d1.r1.d2.-r1.-d2
976,-d0.-r1.-f2.r2.-d2.-r2.-f0.d2.r0.-d1.-r0.d1.-r1.-d0.-r2.-d1.f0.-r1.-f0.r1.-f0.d1.-f1.-d1.-f0.d1.f1.f0
977,-r0.-f2.-f0.-f0.r0.r2.-d0.f2.d2.-r0.f2.-d0.r2.-f0.-f0.d0.-f0.-f0.f2.f2.-d2.f2.f2.r2.r2.-d2.-r0.-r0.-d0.r1.-r2.d1.-r1.-d1.r2
978,r2.-r0.d2.r1.-f0.r1.-d2.f1.f0.d2.r0.-f2.d1.-d0.r2.-d0.r2.d1.d0.r0.-d1.-r2.-r0.f2.-r1.f1
979,-r0.-d1.r2.f2.r0.f0.-r0.f0.-r2.f2.f2.d2.r0.-d2.-d0.-f2.r2.-r0.-d2.r2.d2.-r2.r0.-f1.r1.-f2.-r1.f1.r1
980,-r2.f2.-r1.-f1.-r2.f1.d1.f0.-d1.-r2.f0.d0.-f0.-d2.f0.d2.-r0.d2.r0.f0.r0.-f0.-r0.f0.-d0.f0
981,r2.-d2.f2.-r1.f1.d0.f2.f0.-d0.r0.-f0.-r0.-d0.f0.-r2.-f0.-r1.r0.d1.-r0.d0.-r2.d2.-d0.r0.-d1.r1
982,-r0.-d0.f0.r0.d2.f1.r2.d0.-r2.-r0.d2.r0.-d2.-r0.-d1.-r1.-d0.-f2.-d2.-f2.-r2.f2.d2.f2.r2.f2
983,-d0.f1.r1.r1.f0.d0.r2.-f0.-d0.r2.f0.r2.f0.r0.d2.d2.-d0.-r0.-r0.f2.f2.d0.f2.f2.r2.r2.d0.-r0.d1.-r1.-d1.r1.r0.-f0.-d1.f1.d1.-f1.f0
984,-d1.-r2.-f2.d2.r2.-f0.r0.-f2.r0.-r2.-r1.-f1.r2.-f2.-r2.d0.f2.-r0.-d1.r0.-d2.-f2.d0.-f2.-d0.f2
985,r2.d2.-r1.r0.f2.r1.d0.f2.r2.d2.-f0.-r2.f1.-r2.f0.-f1.r2.d1.-r2.f0.r0.f1.d1.-r2.-f1.-r0.-d1
986,d1.-r1.r0.f2.-d1.r2.r2.f2.d0.r0.-f2.-f0.-d0.f0.-r0.d2.-f2.-d0.f2.-d2.-f2.r2.f2.-r2.d1.-d0
987,-d1.-f1.r2.r1.d0.-r0.-d1.f1.-d1.r0.d1.-r1.f0.-r2.f2.d2.r2.-d2.f0.f0.r0.f1.f1.-r0.f0.r0.-f1
988,d1.f2.-f0.-d0.f0.d2.-f2.d2.r1.d2.-f0.-r1.f1.-d1.-r1.-d0.-r0.d1.d1.d0.r1.r1.-r0.-f0.-r1.f0.r0.d2.-r0.-d1.r0.-d2
989,r1.-d0.f2.-f1.-d0.r2.f0.-r2.f1.r0.d1.-r2.r1.-f0.-r2.f2.f0.-r1.-f2.r1.r0.-f0.r2.d2.f1
990,-d2.-r0.f2.-d1.r1.f1.-d2.r2.-d0.r2.f2.d0.f2.d0.r2.d2.-f2.f1.-d2.f0.r0.-d2.-r2.-f2.d2.f2
991,-f2.r1.d0.f0.f0.-d2.-f2.r0.d2.f0.-d2.d0.-r2.f2.r2.d0.-f2.d2.-d0.-r1.-d2.-r0.-f0.r0.d2.r1.-d0
992,r1.-f1.d1.f0.-r1.d1.-r0.f0.r0.r0.f1.f2.f1.-r0.-f0.-r2.f1.r2.r0.f2.d0.r2.-d0.-f2.r1.-d1.-r1.f2
993,d0.f1.-f0.-r1.-d1.-f2.d2.r0.d2.r2.-f2.-r0.f0.-d2.r0.f2.-r0.-d2.f0.d2.r2.d2.-r2.-d2.-f0
994,-d0.-r2.r0.f0.-r0.-f1.-d0.f0.-d2.-r1.-d2.d0.-f1.d2.r0.-d2.r0.-d0.f2.d2.d0.r0.-d0.-r0.-f0.-r0.f0.d1
995,-r1.-f2.f1.r2.f0.-r1.-d0.f1.f0.-d2.f0.d2.f1.-d2.-f1.-r0.-d2.-r2.-d2.f0.f0.d2.f0.f0.r2
996,-f0.r1.-d2.f1.-r2.-d0.f2.f0.-d1.f2.-d2.-d1.-r2.-d2.-r2.d2.-f2.f0.d0.-f2.-r2.f2.-d0.-f2
997,-d0.-f2.-r2.-d2.r0.-f0.-r1.f1.-d0.r2.-r0.-f2.r2.r2.-d0.-r1.d0.f2.-d0.-r1.f2.r1.-f2.r1.f0.d2.-f0
998,d1.-f2.-d2.f0.-r0.-f0.d0.f1.-d1.-d2.r0.f1.f0.d0.-f2.d2.d0.f2.-d2.f1.-d2.-f1.-r0.d0.r0.d2
999,d0.r2.r2.-f1.d1.f2.r2.f1.r0.-r2.-d1.f0.-r0.-f0.r0.r0.f0.r0.-d2.d1.d0.r0.d0.-r2.-d0.-r0.-d0
1000,f1.r1.-d1.-f1.d2.f0.-d0.r2.-d0.f2.-d2.f2.r1.d2.r0.-d1.-d0.-f2.r2.-f0.r1.f0.-r2.f2.-f0.-r2.-f2.-r1.f2.r2
1001,-f1.f0.d0.-r1.r0.-d0.-r2.d0.-r1.-r0.f1.-d0.f0.d0.f1.-d0.-f0.-d0.f2.d0.d0.-r0.-d0.r0.-f0.-r0.f0
1002,-d2.f1.-d0.f2.-d0.d2.-f0.r0.d1.f0.-d0.f1.-d0.r2.-d2.r2.d2.r1.r0.f1.-r0.-d2.r0.-f1.r1.-f2.-r0.f2.-r1.-f2
